2025-01-23,Godoy Cruz,Rosario Central,0,3
2025-01-23,Tigre,Velez Sarsfield,3,0
2025-01-24,Barracas Central,Racing Club,1,3
2025-01-24,Defensa y Justicia,Banfield,0,1
2025-01-24,Independiente,Sarmiento Junin,2,1
2025-01-24,Lanus,Dep. Riestra,0,2
2025-01-24,Newells Old Boys,Ind. Rivadavia,0,1
2025-01-25,Belgrano,Huracan,1,1
2025-01-25,Estudiantes L.P.,Union de Santa Fe,3,1
2025-01-25,Instituto,Gimnasia L.P.,3,0
2025-01-25,San Lorenzo,Talleres Cordoba,1,0
2025-01-25,San Martin S.J.,Atl. Tucuman,0,1
2025-01-26,Boca Juniors,Argentinos Jrs,0,0
2025-01-26,Platense,River Plate,1,1
2025-01-27,Banfield,Newells Old Boys,3,0
2025-01-27,Central Cordoba,Aldosivi,1,0
2025-01-28,Dep. Riestra,San Martin S.J.,0,0
2025-01-28,Rosario Central,Lanus,2,1
2025-01-28,Sarmiento Junin,Godoy Cruz,0,0
2025-01-29,Gimnasia L.P.,San Lorenzo,0,2
2025-01-29,Huracan,Estudiantes L.P.,0,0
2025-01-29,Ind. Rivadavia,Barracas Central,0,0
2025-01-29,Talleres Cordoba,Independiente,2,3
2025-01-29,Union de Santa Fe,Boca Juniors,1,1
2025-01-29,Velez Sarsfield,Platense,0,1
2025-01-30,Aldosivi,Defensa y Justicia,0,5
2025-01-30,Racing Club,Belgrano,4,0
2025-01-30,River Plate,Instituto,1,0
2025-01-31,Argentinos Jrs,Tigre,1,0
2025-01-31,Central Cordoba,Atl. Tucuman,2,0
2025-02-01,Barracas Central,Banfield,1,0
2025-02-01,San Martin S.J.,Rosario Central,0,0
2025-02-02,Boca Juniors,Huracan,2,1
2025-02-02,Lanus,Sarmiento Junin,2,0
2025-02-02,Newells Old Boys,Aldosivi,1,0
2025-02-02,San Lorenzo,River Plate,0,0
2025-02-03,Defensa y Justicia,Central Cordoba,2,1
2025-02-03,Estudiantes L.P.,Racing Club,2,0
2025-02-03,Independiente,Gimnasia L.P.,2,0
2025-02-03,Instituto,Velez Sarsfield,2,0
2025-02-03,Tigre,Union de Santa Fe,1,0
2025-02-04,Argentinos Jrs,Platense,1,0
2025-02-04,Belgrano,Ind. Rivadavia,0,3
2025-02-05,Atl. Tucuman,Dep. Riestra,0,3
2025-02-06,Aldosivi,Barracas Central,1,3
2025-02-06,Sarmiento Junin,San Martin S.J.,1,1
2025-02-07,Banfield,Belgrano,1,1
2025-02-07,Central Cordoba,Newells Old Boys,2,0
2025-02-07,Huracan,Tigre,2,0
2025-02-08,Ind. Rivadavia,Estudiantes L.P.,2,2
2025-02-08,River Plate,Independiente,2,0
2025-02-08,Rosario Central,Atl. Tucuman,3,1
2025-02-08,Union de Santa Fe,Argentinos Jrs,0,1
2025-02-08,Velez Sarsfield,San Lorenzo,0,0
2025-02-09,Dep. Riestra,Defensa y Justicia,1,1
2025-02-09,Gimnasia L.P.,Godoy Cruz,3,0
2025-02-09,Platense,Instituto,1,0
2025-02-09,Racing Club,Boca Juniors,2,0
2025-02-10,Talleres Cordoba,Lanus,0,1
2025-02-11,Barracas Central,Central Cordoba,3,3
2025-02-11,Boca Juniors,Ind. Rivadavia,2,0
2025-02-11,Estudiantes L.P.,Banfield,1,0
2025-02-12,Argentinos Jrs,Huracan,1,1
2025-02-12,Belgrano,Aldosivi,2,0
2025-02-12,Dep. Riestra,Rosario Central,0,0
2025-02-12,Independiente,Velez Sarsfield,3,0
2025-02-12,Newells Old Boys,Defensa y Justicia,0,1
2025-02-12,Tigre,Racing Club,1,0
2025-02-13,Godoy Cruz,River Plate,0,0
2025-02-13,Lanus,Gimnasia L.P.,0,0
2025-02-13,San Lorenzo,Platense,2,1
2025-02-13,San Martin S.J.,Talleres Cordoba,0,1
2025-02-14,Atl. Tucuman,Sarmiento Junin,5,0
2025-02-14,Banfield,Boca Juniors,0,1
2025-02-14,Union de Santa Fe,Instituto,0,0
2025-02-15,Aldosivi,Estudiantes L.P.,2,2
2025-02-15,Central Cordoba,Belgrano,4,0
2025-02-15,Defensa y Justicia,Barracas Central,1,1
2025-02-15,Ind. Rivadavia,Tigre,1,4
2025-02-16,Newells Old Boys,Rosario Central,1,2
2025-02-16,Racing Club,Argentinos Jrs,2,3
2025-02-16,River Plate,Lanus,1,0
2025-02-17,Gimnasia L.P.,San Martin S.J.,1,0
2025-02-17,Huracan,Union de Santa Fe,1,0
2025-02-17,Platense,Independiente,1,1
2025-02-17,Sarmiento Junin,Dep. Riestra,2,1
2025-02-17,Talleres Cordoba,Atl. Tucuman,1,1
2025-02-18,Instituto,San Lorenzo,0,1
2025-02-18,Velez Sarsfield,Godoy Cruz,0,2
2025-02-21,Dep. Riestra,Talleres Cordoba,0,0
2025-02-21,Estudiantes L.P.,Central Cordoba,3,2
2025-02-21,Godoy Cruz,Platense,1,1
2025-02-22,Boca Juniors,Aldosivi,2,1
2025-02-22,Independiente,Instituto,2,0
2025-02-22,Lanus,Velez Sarsfield,0,0
2025-02-23,Huracan,San Lorenzo,2,0
2025-02-23,Rosario Central,Sarmiento Junin,1,0
2025-02-23,San Martin S.J.,River Plate,0,2
2025-02-24,Argentinos Jrs,Ind. Rivadavia,0,0
2025-02-24,Atl. Tucuman,Gimnasia L.P.,0,1
2025-02-24,Barracas Central,Newells Old Boys,2,0
2025-02-24,Belgrano,Defensa y Justicia,2,0
2025-02-25,Tigre,Banfield,1,0
2025-02-28,Boca Juniors,Rosario Central,1,0
2025-03-01,Aldosivi,Sarmiento Junin,2,2
2025-03-01,Central Cordoba,Dep. Riestra,0,0
2025-03-01,River Plate,Estudiantes L.P.,0,2
2025-03-01,San Martin S.J.,Belgrano,3,1
2025-03-02,Argentinos Jrs,Instituto,2,0
2025-03-02,Ind. Rivadavia,Lanus,1,1
2025-03-02,Talleres Cordoba,Tigre,1,2
2025-03-02,Union de Santa Fe,Gimnasia L.P.,1,0
2025-03-02,Velez Sarsfield,Huracan,0,2
2025-03-03,Barracas Central,Godoy Cruz,1,2
2025-03-03,San Lorenzo,Racing Club,3,2
2025-03-04,Atl. Tucuman,Newells Old Boys,1,2
2025-03-04,Banfield,Independiente,0,0
2025-03-04,Platense,Defensa y Justicia,0,1
2025-03-07,Banfield,Argentinos Jrs,1,2
2025-03-07,Velez Sarsfield,San Martin S.J.,1,0
2025-03-08,Central Cordoba,Boca Juniors,0,3
2025-03-08,Racing Club,Huracan,0,1
2025-03-08,San Lorenzo,Independiente,1,2
2025-03-09,Aldosivi,Tigre,0,2
2025-03-09,Defensa y Justicia,Estudiantes L.P.,1,0
2025-03-09,Platense,Lanus,0,0
2025-03-09,River Plate,Atl. Tucuman,1,0
2025-03-09,Sarmiento Junin,Barracas Central,1,1
2025-03-10,Gimnasia L.P.,Dep. Riestra,1,1
2025-03-10,Instituto,Godoy Cruz,1,1
2025-03-10,Newells Old Boys,Belgrano,0,0
2025-03-11,Ind. Rivadavia,Union de Santa Fe,2,0
2025-03-11,Talleres Cordoba,Rosario Central,0,0
2025-03-14,Argentinos Jrs,Aldosivi,0,2
2025-03-15,Dep. Riestra,River Plate,0,0
2025-03-15,Estudiantes L.P.,Newells Old Boys,1,1
2025-03-15,Godoy Cruz,San Lorenzo,0,0
2025-03-15,Rosario Central,Gimnasia L.P.,2,1
2025-03-16,Boca Juniors,Defensa y Justicia,4,0
2025-03-16,Huracan,Ind. Rivadavia,2,0
2025-03-16,Independiente,Racing Club,1,1
2025-03-16,Sarmiento Junin,Talleres Cordoba,0,0
2025-03-17,Belgrano,Barracas Central,1,1
2025-03-17,Lanus,Instituto,4,1
2025-03-17,Tigre,Central Cordoba,1,2
2025-03-17,Union de Santa Fe,Banfield,3,1
2025-03-18,Atl. Tucuman,Velez Sarsfield,1,2
2025-03-18,San Martin S.J.,Platense,0,2
2025-03-21,Union de Santa Fe,Racing Club,0,1
2025-03-22,Godoy Cruz,Talleres Cordoba,0,0
2025-03-27,Aldosivi,Union de Santa Fe,2,1
2025-03-27,Barracas Central,Estudiantes L.P.,2,1
2025-03-28,Banfield,Huracan,0,0
2025-03-28,Defensa y Justicia,Tigre,1,2
2025-03-28,Ind. Rivadavia,Racing Club,2,1
2025-03-28,San Lorenzo,Lanus,1,1
2025-03-29,Central Cordoba,Argentinos Jrs,1,1
2025-03-29,Independiente,Godoy Cruz,4,0
2025-03-29,Instituto,San Martin S.J.,1,0
2025-03-29,Platense,Atl. Tucuman,2,1
2025-03-29,Velez Sarsfield,Dep. Riestra,0,1
2025-03-30,Belgrano,Talleres Cordoba,1,1
2025-03-30,Gimnasia L.P.,Sarmiento Junin,0,0
2025-03-30,Newells Old Boys,Boca Juniors,2,0
2025-03-30,River Plate,Rosario Central,2,2
2025-04-04,Estudiantes L.P.,Belgrano,0,1
2025-04-05,Godoy Cruz,Ind. Rivadavia,1,1
2025-04-05,Huracan,Aldosivi,3,3
2025-04-05,Rosario Central,Velez Sarsfield,2,1
2025-04-05,San Martin S.J.,San Lorenzo,0,1
2025-04-05,Talleres Cordoba,Gimnasia L.P.,2,0
2025-04-06,Boca Juniors,Barracas Central,1,0
2025-04-06,Lanus,Independiente,1,1
2025-04-06,Sarmiento Junin,River Plate,1,1
2025-04-06,Union de Santa Fe,Central Cordoba,1,0
2025-04-07,Argentinos Jrs,Defensa y Justicia,4,1
2025-04-07,Dep. Riestra,Platense,1,0
2025-04-07,Racing Club,Banfield,4,1
2025-04-08,Atl. Tucuman,Instituto,3,2
2025-04-08,Tigre,Newells Old Boys,0,2
2025-04-11,Banfield,Ind. Rivadavia,1,1
2025-04-12,Barracas Central,Tigre,1,0
2025-04-12,Newells Old Boys,Argentinos Jrs,0,0
2025-04-12,San Lorenzo,Atl. Tucuman,1,0
2025-04-13,Belgrano,Boca Juniors,1,3
2025-04-13,Gimnasia L.P.,Estudiantes L.P.,1,1
2025-04-13,Independiente,San Martin S.J.,2,0
2025-04-13,Instituto,Dep. Riestra,3,0
2025-04-14,Aldosivi,Racing Club,0,2
2025-04-14,Central Cordoba,Huracan,1,2
2025-04-14,Defensa y Justicia,Union de Santa Fe,0,0
2025-04-14,River Plate,Talleres Cordoba,1,1
2025-04-15,Godoy Cruz,Lanus,0,0
2025-04-15,Velez Sarsfield,Sarmiento Junin,0,1
2025-04-16,Platense,Rosario Central,0,0
2025-04-18,Gimnasia L.P.,River Plate,0,3
2025-04-18,Racing Club,Central Cordoba,1,0
2025-04-18,Talleres Cordoba,Velez Sarsfield,0,1
2025-04-19,Huracan,Defensa y Justicia,1,1
2025-04-19,Lanus,Banfield,1,1
2025-04-19,Union de Santa Fe,Newells Old Boys,1,1
2025-04-20,Boca Juniors,Estudiantes L.P.,2,0
2025-04-20,Dep. Riestra,San Lorenzo,0,0
2025-04-20,San Martin S.J.,Godoy Cruz,1,0
2025-04-20,Sarmiento Junin,Platense,0,1
2025-04-21,Rosario Central,Instituto,3,0
2025-04-22,Argentinos Jrs,Barracas Central,3,0
2025-04-22,Tigre,Belgrano,0,0
2025-04-23,Ind. Rivadavia,Aldosivi,1,0
2025-04-26,Aldosivi,Banfield,2,1
2025-04-26,Belgrano,Argentinos Jrs,1,1
2025-04-26,San Lorenzo,Rosario Central,0,1
2025-04-27,Instituto,Sarmiento Junin,1,1
2025-04-27,Lanus,San Martin S.J.,1,0
2025-04-27,River Plate,Boca Juniors,2,1
2025-04-28,Barracas Central,Union de Santa Fe,2,1
2025-04-28,Defensa y Justicia,Racing Club,1,2
2025-04-28,Estudiantes L.P.,Tigre,0,0
2025-04-28,Godoy Cruz,Atl. Tucuman,1,0
2025-04-28,Independiente,Dep. Riestra,0,0
2025-04-29,Central Cordoba,Ind. Rivadavia,1,2
2025-04-29,Newells Old Boys,Huracan,2,0
2025-04-29,Platense,Talleres Cordoba,2,1
2025-04-29,Velez Sarsfield,Gimnasia L.P.,1,0
2025-05-01,Atl. Tucuman,Independiente,2,0
2025-05-02,Argentinos Jrs,Estudiantes L.P.,4,0
2025-05-02,Banfield,Central Cordoba,3,1
2025-05-02,Ind. Rivadavia,Defensa y Justicia,3,2
2025-05-02,Racing Club,Newells Old Boys,1,0
2025-05-02,Union de Santa Fe,Belgrano,1,1
2025-05-03,Dep. Riestra,Godoy Cruz,3,0
2025-05-03,Rosario Central,Independiente,1,0
2025-05-03,Sarmiento Junin,San Lorenzo,1,1
2025-05-03,Talleres Cordoba,Instituto,1,2
2025-05-04,Atl. Tucuman,Lanus,1,0
2025-05-04,Gimnasia L.P.,Platense,1,0
2025-05-04,Huracan,Barracas Central,0,1
2025-05-04,San Martin S.J.,Aldosivi,0,3
2025-05-04,Tigre,Boca Juniors,1,1
2025-05-05,River Plate,Velez Sarsfield,4,1
2025-05-10,Racing Club,Platense,0,1
2025-05-10,Rosario Central,Estudiantes L.P.,2,0
2025-05-10,San Lorenzo,Tigre,2,1
2025-05-11,Argentinos Jrs,Instituto,3,1
2025-05-11,Boca Juniors,Lanus,0,0
2025-05-11,Independiente,Ind. Rivadavia,1,0
2025-05-12,Huracan,Dep. Riestra,3,2
2025-05-13,River Plate,Barracas Central,3,0
2025-05-18,Rosario Central,Huracan,0,1
2025-05-19,Argentinos Jrs,San Lorenzo,1,1
2025-05-20,Boca Juniors,Independiente,0,1
2025-05-21,River Plate,Platense,1,1
2025-05-24,Independiente,Huracan,0,0
2025-05-25,San Lorenzo,Platense,0,1
2025-06-01,Huracan,Platense,0,1
2025-07-11,Aldosivi,Central Cordoba,0,0
2025-07-12,Gimnasia L.P.,Instituto,0,1
2025-07-12,Huracan,Belgrano,0,3
2025-07-12,Rosario Central,Godoy Cruz,1,1
2025-07-12,Talleres Cordoba,San Lorenzo,1,2
2025-07-13,Argentinos Jrs,Boca Juniors,0,0
2025-07-13,Atl. Tucuman,San Martin S.J.,2,1
2025-07-13,Ind. Rivadavia,Newells Old Boys,1,2
2025-07-13,Racing Club,Barracas Central,0,1
2025-07-13,Sarmiento Junin,Independiente,2,2
2025-07-14,Banfield,Defensa y Justicia,0,0
2025-07-14,Dep. Riestra,Lanus,1,0
2025-07-14,River Plate,Platense,3,1
2025-07-15,Union de Santa Fe,Estudiantes L.P.,1,0
2025-07-15,Velez Sarsfield,Tigre,2,1
2025-07-18,Boca Juniors,Union de Santa Fe,1,1
2025-07-19,Atl. Tucuman,Central Cordoba,1,1
2025-07-19,Godoy Cruz,Sarmiento Junin,0,0
2025-07-19,Lanus,Rosario Central,0,1
2025-07-19,Platense,Velez Sarsfield,0,0
2025-07-19,San Lorenzo,Gimnasia L.P.,0,0
2025-07-20,Barracas Central,Ind. Rivadavia,0,3
2025-07-20,Belgrano,Racing Club,0,1
2025-07-20,Instituto,River Plate,0,4
2025-07-20,Newells Old Boys,Banfield,1,2
2025-07-20,Tigre,Argentinos Jrs,2,1
2025-07-21,Estudiantes L.P.,Huracan,2,1
2025-07-21,Independiente,Talleres Cordoba,1,2
2025-07-22,Defensa y Justicia,Aldosivi,2,0
2025-07-22,San Martin S.J.,Dep. Riestra,3,2
2025-07-25,Sarmiento Junin,Lanus,0,2
2025-07-26,Aldosivi,Newells Old Boys,0,0
2025-07-26,Ind. Rivadavia,Belgrano,0,0
2025-07-26,Platense,Argentinos Jrs,0,0
2025-07-26,Rosario Central,San Martin S.J.,0,0
2025-07-26,Union de Santa Fe,Tigre,0,0
2025-07-26,Velez Sarsfield,Instituto,0,0
2025-07-27,Gimnasia L.P.,Independiente,1,0
2025-07-27,Huracan,Boca Juniors,1,0
2025-07-27,Racing Club,Estudiantes L.P.,0,1
2025-07-27,Talleres Cordoba,Godoy Cruz,0,0
2025-07-28,Central Cordoba,Defensa y Justicia,2,1
2025-07-28,Dep. Riestra,Atl. Tucuman,1,0
2025-07-28,River Plate,San Lorenzo,0,0
2025-07-29,Banfield,Barracas Central,1,3
2025-08-07,Godoy Cruz,Gimnasia L.P.,1,2
2025-08-07,San Lorenzo,Velez Sarsfield,1,0
2025-08-08,Estudiantes L.P.,Ind. Rivadavia,2,1
2025-08-08,Tigre,Huracan,0,1
2025-08-09,Boca Juniors,Racing Club,1,1
2025-08-09,Independiente,River Plate,0,0
2025-08-09,Lanus,Talleres Cordoba,1,0
2025-08-09,Newells Old Boys,Central Cordoba,1,1
2025-08-09,San Martin S.J.,Sarmiento Junin,0,1
2025-08-10,Atl. Tucuman,Rosario Central,0,0
2025-08-10,Barracas Central,Aldosivi,3,1
2025-08-10,Belgrano,Banfield,2,1
2025-08-10,Instituto,Platense,1,1
2025-08-11,Argentinos Jrs,Union de Santa Fe,1,0
2025-08-11,Defensa y Justicia,Dep. Riestra,1,0
2025-08-15,Aldosivi,Belgrano,0,0
2025-08-15,Instituto,Union de Santa Fe,0,4
2025-08-16,Huracan,Argentinos Jrs,1,0
2025-08-16,Platense,San Lorenzo,2,1
2025-08-16,Racing Club,Tigre,1,2
2025-08-16,Rosario Central,Dep. Riestra,1,1
2025-08-17,Banfield,Estudiantes L.P.,3,2
2025-08-17,Central Cordoba,Barracas Central,1,1
2025-08-17,Defensa y Justicia,Newells Old Boys,1,1
2025-08-17,Gimnasia L.P.,Lanus,1,2
2025-08-17,River Plate,Godoy Cruz,4,2
2025-08-17,Velez Sarsfield,Independiente,2,1
2025-08-18,Ind. Rivadavia,Boca Juniors,0,3
2025-08-18,Sarmiento Junin,Atl. Tucuman,2,2
2025-08-19,Talleres Cordoba,San Martin S.J.,0,0
2025-08-22,Barracas Central,Defensa y Justicia,1,1
2025-08-23,Rosario Central,Newells Old Boys,1,0
2025-08-23,San Lorenzo,Instituto,1,0
2025-08-23,Tigre,Ind. Rivadavia,1,1
2025-08-24,Argentinos Jrs,Racing Club,4,1
2025-08-24,Atl. Tucuman,Talleres Cordoba,3,0
2025-08-24,Boca Juniors,Banfield,2,0
2025-08-24,San Martin S.J.,Gimnasia L.P.,1,0
2025-08-24,Union de Santa Fe,Huracan,1,1
2025-08-25,Belgrano,Central Cordoba,0,3
2025-08-25,Dep. Riestra,Sarmiento Junin,3,0
2025-08-25,Estudiantes L.P.,Aldosivi,1,0
2025-08-25,Godoy Cruz,Velez Sarsfield,0,2
2025-08-26,Lanus,River Plate,1,1
2025-08-29,Banfield,Tigre,1,0
2025-08-29,Newells Old Boys,Barracas Central,1,2
2025-08-30,Central Cordoba,Estudiantes L.P.,2,0
2025-08-30,Ind. Rivadavia,Argentinos Jrs,2,1
2025-08-30,Instituto,Independiente,0,0
2025-08-30,San Lorenzo,Huracan,0,0
2025-08-31,Aldosivi,Boca Juniors,0,2
2025-08-31,Defensa y Justicia,Belgrano,2,1
2025-08-31,River Plate,San Martin S.J.,2,0
2025-08-31,Talleres Cordoba,Dep. Riestra,0,1
2025-08-31,Velez Sarsfield,Lanus,3,0
2025-09-01,Gimnasia L.P.,Atl. Tucuman,1,0
2025-09-01,Platense,Godoy Cruz,1,3
2025-09-01,Racing Club,Union de Santa Fe,2,3
2025-09-12,Belgrano,San Martin S.J.,0,0
2025-09-12,Dep. Riestra,Central Cordoba,2,0
2025-09-12,Huracan,Velez Sarsfield,0,0
2025-09-12,Racing Club,San Lorenzo,2,0
2025-09-13,Estudiantes L.P.,River Plate,1,2
2025-09-13,Godoy Cruz,Barracas Central,0,0
2025-09-13,Independiente,Banfield,0,1
2025-09-13,Lanus,Ind. Rivadavia,1,0
2025-09-13,Newells Old Boys,Atl. Tucuman,2,0
2025-09-14,Gimnasia L.P.,Union de Santa Fe,1,3
2025-09-14,Instituto,Argentinos Jrs,2,0
2025-09-14,Rosario Central,Boca Juniors,1,1
2025-09-14,Sarmiento Junin,Aldosivi,2,0
2025-09-15,Defensa y Justicia,Platense,1,2
2025-09-15,Tigre,Talleres Cordoba,0,0
2025-09-19,Dep. Riestra,Gimnasia L.P.,1,0
2025-09-19,Huracan,Racing Club,0,2
2025-09-19,San Martin S.J.,Velez Sarsfield,1,2
2025-09-20,Barracas Central,Sarmiento Junin,0,1
2025-09-20,Lanus,Platense,2,1
2025-09-20,Union de Santa Fe,Ind. Rivadavia,2,2
2025-09-21,Argentinos Jrs,Banfield,3,0
2025-09-21,Atl. Tucuman,River Plate,2,0
2025-09-21,Godoy Cruz,Instituto,1,1
2025-09-21,Independiente,San Lorenzo,1,1
2025-09-21,Rosario Central,Talleres Cordoba,1,1
2025-09-21,Tigre,Aldosivi,2,0
2025-09-22,Boca Juniors,Central Cordoba,2,2
2025-09-22,Estudiantes L.P.,Defensa y Justicia,1,0
2025-09-23,Belgrano,Newells Old Boys,3,0
2025-09-26,Banfield,Union de Santa Fe,0,0
2025-09-26,Platense,San Martin S.J.,2,2
2025-09-27,Aldosivi,Argentinos Jrs,0,2
2025-09-27,Central Cordoba,Tigre,0,1
2025-09-27,Defensa y Justicia,Boca Juniors,2,1
2025-09-27,Gimnasia L.P.,Rosario Central,0,3
2025-09-27,San Lorenzo,Godoy Cruz,2,0
2025-09-28,Ind. Rivadavia,Huracan,0,0
2025-09-28,Racing Club,Independiente,0,0
2025-09-28,River Plate,Dep. Riestra,1,2
2025-09-28,Talleres Cordoba,Sarmiento Junin,1,0
2025-09-29,Barracas Central,Belgrano,1,1
2025-09-29,Instituto,Lanus,0,0
2025-09-30,Newells Old Boys,Estudiantes L.P.,1,1
2025-09-30,Velez Sarsfield,Atl. Tucuman,3,1
2025-10-03,Tigre,Defensa y Justicia,1,1
2025-10-04,Argentinos Jrs,Central Cordoba,0,0
2025-10-04,Atl. Tucuman,Platense,2,0
2025-10-04,Huracan,Banfield,1,0
2025-10-04,San Martin S.J.,Instituto,0,0
2025-10-04,Sarmiento Junin,Gimnasia L.P.,0,1
2025-10-04,Union de Santa Fe,Aldosivi,0,2
2025-10-05,Boca Juniors,Newells Old Boys,5,0
2025-10-05,Estudiantes L.P.,Barracas Central,1,1
2025-10-05,Godoy Cruz,Independiente,1,1
2025-10-05,Lanus,San Lorenzo,2,1
2025-10-05,Talleres Cordoba,Belgrano,0,0
2025-10-06,Dep. Riestra,Velez Sarsfield,2,2
2025-10-06,Rosario Central,River Plate,2,1
2025-10-07,Racing Club,Ind. Rivadavia,0,0
2025-10-10,Central Cordoba,Union de Santa Fe,3,1
2025-10-10,Defensa y Justicia,Argentinos Jrs,1,0
2025-10-10,Newells Old Boys,Tigre,1,1
2025-10-10,San Lorenzo,San Martin S.J.,0,1
2025-10-11,Banfield,Racing Club,1,3
2025-10-11,Gimnasia L.P.,Talleres Cordoba,1,2
2025-10-12,Aldosivi,Huracan,2,0
2025-10-12,Belgrano,Estudiantes L.P.,1,1
2025-10-12,Ind. Rivadavia,Godoy Cruz,0,0
2025-10-12,Instituto,Atl. Tucuman,2,0
2025-10-12,River Plate,Sarmiento Junin,0,1
2025-10-12,Velez Sarsfield,Rosario Central,1,2
2025-10-13,Independiente,Lanus,0,2
2025-10-13,Platense,Dep. Riestra,1,1
2025-10-17,Racing Club,Aldosivi,1,0
2025-10-18,Argentinos Jrs,Newells Old Boys,3,1
2025-10-18,Boca Juniors,Belgrano,1,2
2025-10-18,Ind. Rivadavia,Banfield,1,2
2025-10-18,Lanus,Godoy Cruz,2,0
2025-10-19,Estudiantes L.P.,Gimnasia L.P.,2,0
2025-10-19,Rosario Central,Platense,1,0
2025-10-19,San Martin S.J.,Independiente,1,0
2025-10-19,Sarmiento Junin,Velez Sarsfield,0,2
2025-10-19,Talleres Cordoba,River Plate,0,2
2025-10-20,Dep. Riestra,Instituto,1,0
2025-10-20,Tigre,Barracas Central,2,2
2025-10-21,Atl. Tucuman,San Lorenzo,1,2
2025-10-21,Union de Santa Fe,Defensa y Justicia,3,0
2025-10-22,Huracan,Central Cordoba,0,1
2025-10-24,Independiente,Platense,3,0
2025-10-24,Sarmiento Junin,Rosario Central,0,1
2025-10-27,Barracas Central,Boca Juniors,1,3
2025-10-31,San Lorenzo,Dep. Riestra,1,0
2025-11-01,Aldosivi,Ind. Rivadavia,3,1
2025-11-01,Barracas Central,Argentinos Jrs,2,0
2025-11-01,Independiente,Atl. Tucuman,3,0
2025-11-01,Instituto,Rosario Central,1,3
2025-11-01,Newells Old Boys,Union de Santa Fe,0,1
2025-11-01,Velez Sarsfield,Talleres Cordoba,0,1
2025-11-02,Estudiantes L.P.,Boca Juniors,1,2
2025-11-02,Godoy Cruz,San Martin S.J.,0,0
2025-11-02,River Plate,Gimnasia L.P.,0,1
2025-11-03,Central Cordoba,Racing Club,0,0
2025-11-03,Defensa y Justicia,Huracan,1,3
2025-11-03,Platense,Sarmiento Junin,1,1
2025-11-04,Banfield,Lanus,2,1
2025-11-04,Belgrano,Tigre,0,0
2025-11-08,Huracan,Newells Old Boys,0,2
2025-11-08,Racing Club,Defensa y Justicia,1,0
2025-11-08,Rosario Central,San Lorenzo,0,0
2025-11-08,Talleres Cordoba,Platense,1,0
2025-11-09,Banfield,Aldosivi,0,1
2025-11-09,Boca Juniors,River Plate,2,0
2025-11-09,San Martin S.J.,Lanus,1,1
2025-11-09,Sarmiento Junin,Instituto,2,1
2025-11-09,Union de Santa Fe,Barracas Central,0,0
2025-11-10,Atl. Tucuman,Godoy Cruz,2,1
2025-11-10,Dep. Riestra,Independiente,0,1
2025-11-10,Gimnasia L.P.,Velez Sarsfield,2,0
2025-11-10,Tigre,Estudiantes L.P.,1,0
2025-11-11,Argentinos Jrs,Belgrano,1,0
2025-11-11,Ind. Rivadavia,Central Cordoba,0,0
2025-11-14,Lanus,Atl. Tucuman,3,1
2025-11-15,Aldosivi,San Martin S.J.,4,2
2025-11-15,Godoy Cruz,Dep. Riestra,1,1
2025-11-15,San Lorenzo,Sarmiento Junin,1,1
2025-11-16,Boca Juniors,Tigre,2,0
2025-11-16,Central Cordoba,Banfield,1,1
2025-11-16,Estudiantes L.P.,Argentinos Jrs,1,2
2025-11-16,Independiente,Rosario Central,1,0
2025-11-16,Instituto,Talleres Cordoba,0,0
2025-11-16,Newells Old Boys,Racing Club,0,1
2025-11-16,Velez Sarsfield,River Plate,0,0
2025-11-17,Barracas Central,Huracan,1,1
2025-11-17,Belgrano,Union de Santa Fe,0,0
2025-11-17,Defensa y Justicia,Ind. Rivadavia,0,2
2025-11-17,Platense,Gimnasia L.P.,0,3
2025-11-22,Velez Sarsfield,Argentinos Jrs,0,2
2025-11-23,Boca Juniors,Talleres Cordoba,2,0
2025-11-23,Central Cordoba,San Lorenzo,2,1
2025-11-23,Rosario Central,Estudiantes L.P.,0,1
2025-11-24,Dep. Riestra,Barracas Central,0,0
2025-11-24,Racing Club,River Plate,3,2
2025-11-25,Union de Santa Fe,Gimnasia L.P.,1,2
2025-11-27,Lanus,Tigre,0,1
2025-11-30,Boca Juniors,Argentinos Jrs,1,0
2025-11-30,Central Cordoba,Estudiantes L.P.,0,1
2025-12-01,Barracas Central,Gimnasia L.P.,0,2
2025-12-02,Racing Club,Tigre,0,0
2025-12-07,Boca Juniors,Racing Club,0,1
2025-12-08,Gimnasia L.P.,Estudiantes L.P.,0,1
2025-12-14,Racing Club,Estudiantes L.P.,1,1
