2025-07-25,Royal Antwerp FC,Royale Union Saint-Gilloise,1,1
2025-07-26,FCV Dender EH,Cercle Brugge,0,0
2025-07-26,RAAL La Louvière,Standard de Liège,0,2
2025-07-26,SV Zulte Waregem,KV Mechelen,1,1
2025-07-27,Club Brugge,KRC Genk,2,1
2025-07-27,OH Leuven,Sporting Charleroi,2,2
2025-07-27,RSC Anderlecht,KVC Westerlo,5,2
2025-07-27,STVV,KAA Gent,3,1
2025-08-01,KV Mechelen,Club Brugge,2,1
2025-08-02,KAA Gent,RAAL La Louvière,1,0
2025-08-02,KVC Westerlo,SV Zulte Waregem,3,1
2025-08-02,Standard de Liège,FCV Dender EH,1,1
2025-08-03,Cercle Brugge,RSC Anderlecht,0,2
2025-08-03,KRC Genk,Royal Antwerp FC,1,1
2025-08-03,Royale Union Saint-Gilloise,OH Leuven,5,0
2025-08-03,Sporting Charleroi,STVV,1,1
2025-08-08,STVV,FCV Dender EH,2,0
2025-08-09,Club Brugge,Cercle Brugge,2,0
2025-08-09,KAA Gent,Royale Union Saint-Gilloise,2,3
2025-08-09,KVC Westerlo,KV Mechelen,0,1
2025-08-10,RAAL La Louvière,Sporting Charleroi,1,0
2025-08-10,Royal Antwerp FC,OH Leuven,3,1
2025-08-10,RSC Anderlecht,SV Zulte Waregem,2,3
2025-08-10,Standard de Liège,KRC Genk,2,1
2025-08-15,OH Leuven,KRC Genk,1,2
2025-08-16,KV Mechelen,KAA Gent,1,1
2025-08-16,Royale Union Saint-Gilloise,Standard de Liège,3,0
2025-08-16,SV Zulte Waregem,Club Brugge,0,1
2025-08-17,Cercle Brugge,KVC Westerlo,4,1
2025-08-17,FCV Dender EH,RSC Anderlecht,0,2
2025-08-17,Sporting Charleroi,Royal Antwerp FC,1,1
2025-08-17,STVV,RAAL La Louvière,2,1
2025-08-23,Standard de Liège,Cercle Brugge,0,3
2025-08-23,SV Zulte Waregem,STVV,0,2
2025-08-24,FCV Dender EH,OH Leuven,0,1
2025-08-24,RAAL La Louvière,Royale Union Saint-Gilloise,0,0
2025-08-24,Royal Antwerp FC,KV Mechelen,2,1
2025-08-29,Cercle Brugge,STVV,1,1
2025-08-30,KV Mechelen,RAAL La Louvière,3,2
2025-08-30,KVC Westerlo,Royal Antwerp FC,2,0
2025-08-30,Sporting Charleroi,FCV Dender EH,3,1
2025-08-31,KAA Gent,Club Brugge,1,1
2025-08-31,KRC Genk,SV Zulte Waregem,3,2
2025-08-31,OH Leuven,Standard de Liège,1,0
2025-08-31,Royale Union Saint-Gilloise,RSC Anderlecht,2,0
2025-09-12,Standard de Liège,KV Mechelen,1,1
2025-09-13,FCV Dender EH,Royale Union Saint-Gilloise,0,1
2025-09-13,RAAL La Louvière,Club Brugge,1,0
2025-09-13,SV Zulte Waregem,OH Leuven,2,0
2025-09-14,Cercle Brugge,Sporting Charleroi,2,3
2025-09-14,Royal Antwerp FC,KAA Gent,1,2
2025-09-14,RSC Anderlecht,KRC Genk,1,1
2025-09-14,STVV,KVC Westerlo,0,3
2025-09-17,KRC Genk,Sporting Charleroi,0,1
2025-09-19,KAA Gent,FCV Dender EH,3,0
2025-09-20,OH Leuven,RAAL La Louvière,1,2
2025-09-20,RSC Anderlecht,Royal Antwerp FC,0,0
2025-09-20,Sporting Charleroi,SV Zulte Waregem,1,2
2025-09-21,Club Brugge,STVV,2,0
2025-09-21,KRC Genk,Royale Union Saint-Gilloise,1,2
2025-09-21,KV Mechelen,Cercle Brugge,0,0
2025-09-21,KVC Westerlo,Standard de Liège,0,2
2025-09-23,RSC Anderlecht,KAA Gent,1,0
2025-09-24,Club Brugge,KVC Westerlo,5,5
2025-09-26,OH Leuven,RSC Anderlecht,1,1
2025-09-27,Royale Union Saint-Gilloise,KVC Westerlo,2,0
2025-09-27,Standard de Liège,Club Brugge,1,2
2025-09-27,SV Zulte Waregem,Royal Antwerp FC,2,0
2025-09-28,Cercle Brugge,KAA Gent,2,4
2025-09-28,FCV Dender EH,RAAL La Louvière,0,0
2025-09-28,Sporting Charleroi,KV Mechelen,0,2
2025-09-28,STVV,KRC Genk,1,2
2025-10-03,KAA Gent,Sporting Charleroi,2,1
2025-10-04,KV Mechelen,STVV,1,3
2025-10-04,RAAL La Louvière,SV Zulte Waregem,0,0
2025-10-04,Royal Antwerp FC,Cercle Brugge,1,1
2025-10-05,Club Brugge,Royale Union Saint-Gilloise,1,0
2025-10-05,KRC Genk,FCV Dender EH,2,1
2025-10-05,KVC Westerlo,OH Leuven,2,0
2025-10-05,RSC Anderlecht,Standard de Liège,1,0
2025-10-18,OH Leuven,Club Brugge,0,1
2025-10-18,RAAL La Louvière,KVC Westerlo,0,0
2025-10-18,Royale Union Saint-Gilloise,Sporting Charleroi,3,1
2025-10-19,Cercle Brugge,KRC Genk,2,2
2025-10-19,FCV Dender EH,KV Mechelen,1,3
2025-10-19,STVV,RSC Anderlecht,2,2
2025-10-19,SV Zulte Waregem,KAA Gent,4,1
2025-10-20,Standard de Liège,Royal Antwerp FC,1,0
2025-10-24,Sporting Charleroi,RSC Anderlecht,1,0
2025-10-25,KAA Gent,Standard de Liège,4,0
2025-10-25,KV Mechelen,OH Leuven,1,1
2025-10-25,KVC Westerlo,FCV Dender EH,1,1
2025-10-26,Cercle Brugge,SV Zulte Waregem,1,1
2025-10-26,KRC Genk,RAAL La Louvière,1,1
2025-10-26,Royal Antwerp FC,Club Brugge,0,1
2025-10-26,Royale Union Saint-Gilloise,STVV,2,0
2025-10-31,Standard de Liège,Sporting Charleroi,3,1
2025-11-01,Club Brugge,FCV Dender EH,2,1
2025-11-01,RSC Anderlecht,KV Mechelen,3,1
2025-11-01,SV Zulte Waregem,Royale Union Saint-Gilloise,1,4
2025-11-02,KVC Westerlo,KRC Genk,0,1
2025-11-02,OH Leuven,KAA Gent,4,0
2025-11-02,RAAL La Louvière,Cercle Brugge,2,1
2025-11-02,STVV,Royal Antwerp FC,1,0
2025-11-07,FCV Dender EH,SV Zulte Waregem,2,2
2025-11-08,Cercle Brugge,OH Leuven,1,2
2025-11-08,Royal Antwerp FC,RAAL La Louvière,3,1
2025-11-08,Sporting Charleroi,KVC Westerlo,2,0
2025-11-09,KAA Gent,KRC Genk,1,1
2025-11-09,KV Mechelen,Royale Union Saint-Gilloise,1,1
2025-11-09,RSC Anderlecht,Club Brugge,1,0
2025-11-09,STVV,Standard de Liège,1,0
2025-11-21,Standard de Liège,SV Zulte Waregem,0,0
2025-11-22,Club Brugge,Sporting Charleroi,1,0
2025-11-22,KVC Westerlo,KAA Gent,0,0
2025-11-22,Royale Union Saint-Gilloise,Cercle Brugge,2,0
2025-11-23,KRC Genk,KV Mechelen,0,1
2025-11-23,OH Leuven,STVV,1,2
2025-11-23,RAAL La Louvière,RSC Anderlecht,0,1
2025-11-23,Royal Antwerp FC,FCV Dender EH,1,2
2025-11-28,KV Mechelen,Standard de Liège,0,1
2025-11-29,FCV Dender EH,KVC Westerlo,2,2
2025-11-29,Sporting Charleroi,RAAL La Louvière,0,0
2025-11-29,SV Zulte Waregem,Cercle Brugge,1,1
2025-11-30,Club Brugge,Royal Antwerp FC,0,1
2025-11-30,KAA Gent,STVV,1,2
2025-11-30,KRC Genk,OH Leuven,2,1
2025-11-30,RSC Anderlecht,Royale Union Saint-Gilloise,1,0
2025-12-05,RAAL La Louvière,FCV Dender EH,1,2
2025-12-06,Cercle Brugge,Standard de Liège,1,2
2025-12-06,Royale Union Saint-Gilloise,KAA Gent,1,1
2025-12-06,STVV,Club Brugge,3,2
2025-12-07,KV Mechelen,Sporting Charleroi,1,0
2025-12-07,KVC Westerlo,RSC Anderlecht,4,0
2025-12-07,OH Leuven,SV Zulte Waregem,1,1
2025-12-07,Royal Antwerp FC,KRC Genk,3,0
2025-12-12,Standard de Liège,OH Leuven,0,1
2025-12-13,Cercle Brugge,KV Mechelen,2,3
2025-12-13,RSC Anderlecht,STVV,2,1
2025-12-13,SV Zulte Waregem,RAAL La Louvière,2,2
2025-12-14,FCV Dender EH,Club Brugge,1,5
2025-12-14,KAA Gent,Royal Antwerp FC,0,2
2025-12-14,KRC Genk,KVC Westerlo,1,1
2025-12-14,Sporting Charleroi,Royale Union Saint-Gilloise,1,1
2025-12-19,Sporting Charleroi,KRC Genk,2,2
2025-12-20,FCV Dender EH,Standard de Liège,0,1
2025-12-20,KVC Westerlo,RAAL La Louvière,2,1
2025-12-20,Royale Union Saint-Gilloise,SV Zulte Waregem,2,0
2025-12-21,Club Brugge,KAA Gent,2,1
2025-12-21,OH Leuven,Cercle Brugge,0,2
2025-12-21,Royal Antwerp FC,RSC Anderlecht,2,2
2025-12-21,STVV,KV Mechelen,1,0
2025-12-26,Cercle Brugge,Royale Union Saint-Gilloise,1,1
2025-12-26,KRC Genk,Club Brugge,3,5
2025-12-26,RSC Anderlecht,Sporting Charleroi,1,2
2025-12-26,Standard de Liège,STVV,1,2
2025-12-27,KAA Gent,KVC Westerlo,2,0
2025-12-27,KV Mechelen,FCV Dender EH,1,1
2025-12-27,RAAL La Louvière,OH Leuven,0,0
2025-12-27,Royal Antwerp FC,SV Zulte Waregem,2,1
2026-01-16,Club Brugge,RAAL La Louvière,2,3
2026-01-17,KVC Westerlo,Cercle Brugge,0,2
2026-01-17,Royale Union Saint-Gilloise,KV Mechelen,1,0
2026-01-17,SV Zulte Waregem,KRC Genk,2,1
2026-01-18,FCV Dender EH,Royal Antwerp FC,1,0
2026-01-18,KAA Gent,RSC Anderlecht,4,2
2026-01-18,Sporting Charleroi,Standard de Liège,2,0
2026-01-18,STVV,OH Leuven,1,0
2026-01-23,Standard de Liège,KAA Gent,0,4
2026-01-24,Club Brugge,SV Zulte Waregem,4,3
2026-01-24,OH Leuven,Royale Union Saint-Gilloise,0,0
2026-01-24,RAAL La Louvière,STVV,1,2
2026-01-25,KRC Genk,Cercle Brugge,1,1
2026-01-25,KV Mechelen,KVC Westerlo,1,1
2026-01-25,Royal Antwerp FC,Sporting Charleroi,0,2
2026-01-25,RSC Anderlecht,FCV Dender EH,0,0
2026-01-30,RAAL La Louvière,KAA Gent,1,1
2026-01-31,Cercle Brugge,Royal Antwerp FC,0,4
2026-01-31,STVV,Sporting Charleroi,0,2
2026-01-31,SV Zulte Waregem,KVC Westerlo,0,1
2026-02-01,FCV Dender EH,KRC Genk,1,2
2026-02-01,OH Leuven,KV Mechelen,2,2
2026-02-01,Royale Union Saint-Gilloise,Club Brugge,1,0
2026-02-01,Standard de Liège,RSC Anderlecht,2,0
2026-02-06,KVC Westerlo,STVV,0,4
2026-02-07,KAA Gent,OH Leuven,1,3
2026-02-07,Sporting Charleroi,Cercle Brugge,3,4
2026-02-07,SV Zulte Waregem,FCV Dender EH,1,0
2026-02-08,Club Brugge,Standard de Liège,3,0
2026-02-08,KRC Genk,RSC Anderlecht,2,0
2026-02-08,KV Mechelen,Royal Antwerp FC,2,0
2026-02-08,Royale Union Saint-Gilloise,RAAL La Louvière,2,1
2026-02-13,KV Mechelen,KRC Genk,2,3
2026-02-14,OH Leuven,FCV Dender EH,3,2
2026-02-14,Sporting Charleroi,KAA Gent,2,3
2026-02-14,Standard de Liège,Royale Union Saint-Gilloise,1,1
2026-02-15,Cercle Brugge,Club Brugge,1,2
2026-02-15,Royal Antwerp FC,KVC Westerlo,0,2
2026-02-15,RSC Anderlecht,RAAL La Louvière,0,0
2026-02-15,STVV,SV Zulte Waregem,3,2
2026-02-20,KAA Gent,Cercle Brugge,0,1
2026-02-21,Club Brugge,OH Leuven,2,1
2026-02-21,FCV Dender EH,STVV,1,4
2026-02-21,Royale Union Saint-Gilloise,Royal Antwerp FC,2,1
2026-02-22,KRC Genk,Standard de Liège,0,3
2026-02-22,KVC Westerlo,Sporting Charleroi,2,1
2026-02-22,RAAL La Louvière,KV Mechelen,0,2
2026-02-22,SV Zulte Waregem,RSC Anderlecht,2,4
2026-02-27,Standard de Liège,RAAL La Louvière,1,1
2026-02-28,KV Mechelen,SV Zulte Waregem,2,1
2026-02-28,Royal Antwerp FC,STVV,1,0
2026-02-28,RSC Anderlecht,OH Leuven,5,1
2026-03-01,Cercle Brugge,FCV Dender EH,0,0
2026-03-01,KRC Genk,KAA Gent,3,0
2026-03-01,KVC Westerlo,Royale Union Saint-Gilloise,0,0
2026-03-01,Sporting Charleroi,Club Brugge,1,2
2026-03-06,RAAL La Louvière,Royal Antwerp FC,0,0
2026-03-07,FCV Dender EH,Sporting Charleroi,2,2
2026-03-07,OH Leuven,KVC Westerlo,0,1
2026-03-07,Royale Union Saint-Gilloise,KRC Genk,2,1
2026-03-08,Club Brugge,RSC Anderlecht,2,2
2026-03-08,KAA Gent,KV Mechelen,3,1
2026-03-08,STVV,Cercle Brugge,2,1
2026-03-08,SV Zulte Waregem,Standard de Liège,0,1
2026-03-13,KAA Gent,SV Zulte Waregem,2,0
2026-03-14,KVC Westerlo,Club Brugge,1,2
2026-03-14,Royale Union Saint-Gilloise,FCV Dender EH,2,0
2026-03-14,Sporting Charleroi,OH Leuven,0,2
2026-03-15,Cercle Brugge,RAAL La Louvière,1,3
2026-03-15,KRC Genk,STVV,1,0
2026-03-15,KV Mechelen,RSC Anderlecht,1,0
2026-03-15,Royal Antwerp FC,Standard de Liège,1,1
2026-03-22,Club Brugge,KV Mechelen,4,1
2026-03-22,FCV Dender EH,KAA Gent,1,3
2026-03-22,OH Leuven,Royal Antwerp FC,1,0
2026-03-22,RAAL La Louvière,KRC Genk,5,5
2026-03-22,RSC Anderlecht,Cercle Brugge,2,3
2026-03-22,Standard de Liège,KVC Westerlo,0,0
2026-03-22,STVV,Royale Union Saint-Gilloise,1,3
2026-03-22,SV Zulte Waregem,Sporting Charleroi,1,0
2026-04-03,Royal Antwerp FC,KRC Genk,1,2
2026-04-04,OH Leuven,Standard de Liège,1,3
2026-04-04,Royale Union Saint-Gilloise,STVV,1,0
2026-04-04,SV Zulte Waregem,Cercle Brugge,2,2
2026-04-05,KVC Westerlo,Sporting Charleroi,2,0
2026-04-06,Club Brugge,RSC Anderlecht,4,2
2026-04-06,KAA Gent,KV Mechelen,1,1
2026-04-06,RAAL La Louvière,FCV Dender EH,0,1
2026-04-10,Sporting Charleroi,Royal Antwerp FC,2,1
2026-04-11,Cercle Brugge,RAAL La Louvière,3,0
2026-04-11,Standard de Liège,KVC Westerlo,1,2
2026-04-11,STVV,Club Brugge,1,2
2026-04-12,FCV Dender EH,SV Zulte Waregem,1,2
2026-04-12,KRC Genk,OH Leuven,0,0
2026-04-12,KV Mechelen,Royale Union Saint-Gilloise,0,1
2026-04-12,RSC Anderlecht,KAA Gent,3,1
2026-04-18,KV Mechelen,RSC Anderlecht,1,2
2026-04-18,KVC Westerlo,KRC Genk,1,2
2026-04-18,Royal Antwerp FC,OH Leuven,2,0
2026-04-18,Sporting Charleroi,Standard de Liège,1,2
2026-04-19,FCV Dender EH,Cercle Brugge,1,4
2026-04-19,KAA Gent,STVV,0,0
2026-04-19,RAAL La Louvière,SV Zulte Waregem,0,2
2026-04-19,Royale Union Saint-Gilloise,Club Brugge,2,1
2026-04-21,KRC Genk,Sporting Charleroi,1,1
2026-04-21,OH Leuven,KVC Westerlo,0,2
2026-04-21,Standard de Liège,Royal Antwerp FC,1,2
2026-04-22,Club Brugge,KV Mechelen,6,1
2026-04-22,Royale Union Saint-Gilloise,KAA Gent,0,0
2026-04-23,STVV,RSC Anderlecht,2,0
2026-04-24,Cercle Brugge,FCV Dender EH,2,1
2026-04-25,KRC Genk,Standard de Liège,1,1
2026-04-25,KVC Westerlo,Royal Antwerp FC,2,4
2026-04-25,OH Leuven,Sporting Charleroi,0,2
2026-04-26,KAA Gent,Club Brugge,0,2
2026-04-26,KV Mechelen,STVV,1,4
2026-04-26,RSC Anderlecht,Royale Union Saint-Gilloise,1,3
2026-04-26,SV Zulte Waregem,RAAL La Louvière,4,0
2026-05-01,Cercle Brugge,SV Zulte Waregem,2,3
2026-05-02,KVC Westerlo,OH Leuven,3,3
2026-05-02,Sporting Charleroi,KRC Genk,2,0
2026-05-02,STVV,Royale Union Saint-Gilloise,2,1
2026-05-03,KV Mechelen,KAA Gent,1,0
2026-05-03,Royal Antwerp FC,Standard de Liège,0,5
2026-05-03,RSC Anderlecht,Club Brugge,1,3
2026-05-08,Standard de Liège,OH Leuven,2,1
2026-05-09,Club Brugge,STVV,2,0
2026-05-09,RAAL La Louvière,Cercle Brugge,4,1
2026-05-09,SV Zulte Waregem,FCV Dender EH,2,1
2026-05-10,KAA Gent,RSC Anderlecht,1,1
2026-05-10,KRC Genk,KVC Westerlo,3,0
2026-05-10,Royal Antwerp FC,Sporting Charleroi,0,1
2026-05-10,Royale Union Saint-Gilloise,KV Mechelen,3,0
2026-05-15,OH Leuven,Royal Antwerp FC,3,0
2026-05-16,Sporting Charleroi,KVC Westerlo,0,1
2026-05-16,Standard de Liège,KRC Genk,0,0
2026-05-16,STVV,KAA Gent,1,1
2026-05-17,Club Brugge,Royale Union Saint-Gilloise,5,0
2026-05-17,RSC Anderlecht,KV Mechelen,2,2
2026-05-19,KRC Genk,Royal Antwerp FC,0,0
2026-05-19,KVC Westerlo,Standard de Liège,1,2
2026-05-19,Sporting Charleroi,OH Leuven,1,1
2026-05-21,KAA Gent,Royale Union Saint-Gilloise,0,0
2026-05-21,KV Mechelen,Club Brugge,2,2
2026-05-21,RSC Anderlecht,STVV,3,1
2026-05-23,OH Leuven,KRC Genk,0,2
2026-05-23,Royal Antwerp FC,KVC Westerlo,2,0
2026-05-23,Standard de Liège,Sporting Charleroi,0,2
2026-05-24,Club Brugge,KAA Gent,5,0
2026-05-24,Royale Union Saint-Gilloise,RSC Anderlecht,5,1
2026-05-24,STVV,KV Mechelen,3,0
