2025-08-08,Gaziantep FK,Galatasaray,0,3
2025-08-09,Antalyaspor,Kasımpaşa SK,2,1
2025-08-09,Samsunspor,Gençlerbirliği,2,1
2025-08-10,Çaykur Rizespor,Göztepe,0,3
2025-08-10,Eyüpspor,Konyaspor,1,4
2025-08-11,Trabzonspor,Kocaelispor,1,0
2025-08-15,Galatasaray,Fatih Karagümrük,3,0
2025-08-16,Alanyaspor,Çaykur Rizespor,0,0
2025-08-16,Göztepe,Fenerbahçe,0,0
2025-08-16,Kocaelispor,Samsunspor,0,1
2025-08-17,Beşiktaş,Eyüpspor,2,1
2025-08-17,Gençlerbirliği,Antalyaspor,0,1
2025-08-17,İstanbul Başakşehir,Kayserispor,1,1
2025-08-17,Konyaspor,Gaziantep FK,3,0
2025-08-18,Kasımpaşa SK,Trabzonspor,0,1
2025-08-22,Fatih Karagümrük,Göztepe,0,2
2025-08-23,Fenerbahçe,Kocaelispor,3,1
2025-08-23,Gaziantep FK,Gençlerbirliği,2,1
2025-08-24,Kayserispor,Galatasaray,0,4
2025-08-24,Trabzonspor,Antalyaspor,1,0
2025-08-25,Eyüpspor,Alanyaspor,2,1
2025-08-29,Göztepe,Konyaspor,1,1
2025-08-30,Antalyaspor,Fatih Karagümrük,1,2
2025-08-30,Galatasaray,Çaykur Rizespor,3,1
2025-08-30,Kasımpaşa SK,Gaziantep FK,2,3
2025-08-30,Kocaelispor,Kayserispor,1,1
2025-08-31,Alanyaspor,Beşiktaş,2,0
2025-08-31,Gençlerbirliği,Fenerbahçe,1,3
2025-08-31,İstanbul Başakşehir,Eyüpspor,0,0
2025-08-31,Trabzonspor,Samsunspor,1,1
2025-09-13,Beşiktaş,İstanbul Başakşehir,2,1
2025-09-13,Eyüpspor,Galatasaray,0,2
2025-09-13,Fatih Karagümrük,Kasımpaşa SK,0,1
2025-09-13,Konyaspor,Alanyaspor,1,2
2025-09-13,Samsunspor,Antalyaspor,1,2
2025-09-14,Fenerbahçe,Trabzonspor,1,0
2025-09-14,Gaziantep FK,Kocaelispor,2,0
2025-09-14,Kayserispor,Göztepe,1,1
2025-09-15,Çaykur Rizespor,Gençlerbirliği,1,0
2025-09-17,Fatih Karagümrük,İstanbul Başakşehir,0,2
2025-09-17,Fenerbahçe,Alanyaspor,2,2
2025-09-17,Samsunspor,Kasımpaşa SK,0,0
2025-09-19,Göztepe,Beşiktaş,3,0
2025-09-20,Antalyaspor,Kayserispor,1,1
2025-09-20,Gençlerbirliği,Eyüpspor,1,0
2025-09-20,Trabzonspor,Gaziantep FK,1,1
2025-09-21,İstanbul Başakşehir,Alanyaspor,1,1
2025-09-21,Kasımpaşa SK,Fenerbahçe,1,1
2025-09-21,Kocaelispor,Çaykur Rizespor,1,1
2025-09-21,Samsunspor,Fatih Karagümrük,3,2
2025-09-22,Galatasaray,Konyaspor,3,1
2025-09-24,Kayserispor,Beşiktaş,0,4
2025-09-26,Alanyaspor,Galatasaray,0,1
2025-09-27,Eyüpspor,Göztepe,0,0
2025-09-27,Fatih Karagümrük,Trabzonspor,3,4
2025-09-27,Gaziantep FK,Samsunspor,2,2
2025-09-28,Çaykur Rizespor,Kasımpaşa SK,1,2
2025-09-28,Fenerbahçe,Antalyaspor,2,0
2025-09-28,Kayserispor,Gençlerbirliği,1,1
2025-09-28,Konyaspor,İstanbul Başakşehir,2,1
2025-09-29,Beşiktaş,Kocaelispor,3,1
2025-10-03,Antalyaspor,Çaykur Rizespor,2,5
2025-10-03,Trabzonspor,Kayserispor,4,0
2025-10-04,Galatasaray,Beşiktaş,1,1
2025-10-04,Gençlerbirliği,Alanyaspor,2,2
2025-10-04,Kocaelispor,Eyüpspor,1,0
2025-10-05,Fatih Karagümrük,Gaziantep FK,0,2
2025-10-05,Göztepe,İstanbul Başakşehir,1,0
2025-10-05,Kasımpaşa SK,Konyaspor,1,1
2025-10-05,Samsunspor,Fenerbahçe,0,0
2025-10-18,Beşiktaş,Gençlerbirliği,1,2
2025-10-18,Çaykur Rizespor,Trabzonspor,1,2
2025-10-18,İstanbul Başakşehir,Galatasaray,1,2
2025-10-18,Konyaspor,Kocaelispor,2,3
2025-10-19,Alanyaspor,Göztepe,1,0
2025-10-19,Fenerbahçe,Fatih Karagümrük,2,1
2025-10-19,Gaziantep FK,Antalyaspor,3,2
2025-10-19,Kayserispor,Samsunspor,1,3
2025-10-20,Eyüpspor,Kasımpaşa SK,2,0
2025-10-22,Çaykur Rizespor,İstanbul Başakşehir,0,0
2025-10-22,Konyaspor,Beşiktaş,0,2
2025-10-24,Fatih Karagümrük,Kayserispor,2,2
2025-10-25,Kocaelispor,Alanyaspor,2,0
2025-10-25,Trabzonspor,Eyüpspor,2,0
2025-10-26,Antalyaspor,İstanbul Başakşehir,0,4
2025-10-26,Galatasaray,Göztepe,3,1
2025-10-26,Gençlerbirliği,Konyaspor,1,2
2025-10-26,Kasımpaşa SK,Beşiktaş,1,1
2025-10-27,Gaziantep FK,Fenerbahçe,0,4
2025-10-27,Samsunspor,Çaykur Rizespor,1,1
2025-10-31,İstanbul Başakşehir,Kocaelispor,1,0
2025-11-01,Galatasaray,Trabzonspor,0,0
2025-11-01,Göztepe,Gençlerbirliği,1,0
2025-11-02,Beşiktaş,Fenerbahçe,2,3
2025-11-02,Kayserispor,Kasımpaşa SK,3,2
2025-11-02,Konyaspor,Samsunspor,1,3
2025-11-03,Alanyaspor,Gaziantep FK,0,0
2025-11-03,Çaykur Rizespor,Fatih Karagümrük,1,0
2025-11-03,Eyüpspor,Antalyaspor,0,1
2025-11-07,Gençlerbirliği,İstanbul Başakşehir,2,1
2025-11-08,Antalyaspor,Beşiktaş,1,3
2025-11-08,Gaziantep FK,Çaykur Rizespor,2,2
2025-11-08,Kasımpaşa SK,Göztepe,0,2
2025-11-08,Trabzonspor,Alanyaspor,1,1
2025-11-09,Fatih Karagümrük,Konyaspor,2,0
2025-11-09,Fenerbahçe,Kayserispor,4,2
2025-11-09,Kocaelispor,Galatasaray,1,0
2025-11-09,Samsunspor,Eyüpspor,1,0
2025-11-22,Eyüpspor,Fatih Karagümrük,1,1
2025-11-22,Galatasaray,Gençlerbirliği,3,2
2025-11-22,Kayserispor,Gaziantep FK,0,3
2025-11-23,Alanyaspor,Kasımpaşa SK,1,2
2025-11-23,Beşiktaş,Samsunspor,1,1
2025-11-23,Çaykur Rizespor,Fenerbahçe,2,5
2025-11-23,Göztepe,Kocaelispor,0,0
2025-11-24,İstanbul Başakşehir,Trabzonspor,3,4
2025-11-24,Konyaspor,Antalyaspor,0,0
2025-11-28,Kocaelispor,Gençlerbirliği,1,0
2025-11-29,Çaykur Rizespor,Kayserispor,0,1
2025-11-29,Gaziantep FK,Eyüpspor,1,2
2025-11-29,Kasımpaşa SK,İstanbul Başakşehir,1,3
2025-11-29,Trabzonspor,Konyaspor,3,1
2025-11-30,Antalyaspor,Göztepe,1,2
2025-11-30,Fatih Karagümrük,Beşiktaş,0,2
2025-12-01,Fenerbahçe,Galatasaray,1,1
2025-12-01,Samsunspor,Alanyaspor,1,1
2025-12-05,Galatasaray,Samsunspor,3,2
2025-12-06,Eyüpspor,Kayserispor,1,1
2025-12-06,İstanbul Başakşehir,Fenerbahçe,1,1
2025-12-06,Konyaspor,Çaykur Rizespor,1,1
2025-12-07,Gençlerbirliği,Fatih Karagümrük,3,0
2025-12-07,Göztepe,Trabzonspor,1,2
2025-12-07,Kocaelispor,Kasımpaşa SK,0,0
2025-12-08,Alanyaspor,Antalyaspor,0,0
2025-12-08,Beşiktaş,Gaziantep FK,2,2
2025-12-12,Kasımpaşa SK,Gençlerbirliği,0,0
2025-12-13,Antalyaspor,Galatasaray,1,4
2025-12-13,Çaykur Rizespor,Eyüpspor,3,0
2025-12-13,Kayserispor,Alanyaspor,0,0
2025-12-14,Fatih Karagümrük,Kocaelispor,1,1
2025-12-14,Gaziantep FK,Göztepe,0,1
2025-12-14,Samsunspor,İstanbul Başakşehir,0,2
2025-12-14,Trabzonspor,Beşiktaş,3,3
2025-12-15,Fenerbahçe,Konyaspor,4,0
2025-12-19,Kocaelispor,Antalyaspor,2,1
2025-12-20,Beşiktaş,Çaykur Rizespor,1,0
2025-12-20,Eyüpspor,Fenerbahçe,0,3
2025-12-20,Konyaspor,Kayserispor,1,1
2025-12-21,Alanyaspor,Fatih Karagümrük,2,0
2025-12-21,Galatasaray,Kasımpaşa SK,3,0
2025-12-21,Göztepe,Samsunspor,2,0
2025-12-22,Gençlerbirliği,Trabzonspor,4,3
2025-12-22,İstanbul Başakşehir,Gaziantep FK,5,1
2026-01-17,Galatasaray,Gaziantep FK,1,1
2026-01-17,İstanbul Başakşehir,Fatih Karagümrük,2,1
2026-01-18,Alanyaspor,Fenerbahçe,2,3
2026-01-18,Gençlerbirliği,Samsunspor,1,1
2026-01-18,Kasımpaşa SK,Antalyaspor,0,0
2026-01-18,Kocaelispor,Trabzonspor,1,2
2026-01-19,Beşiktaş,Kayserispor,1,0
2026-01-19,Göztepe,Çaykur Rizespor,3,1
2026-01-19,Konyaspor,Eyüpspor,1,1
2026-01-23,Trabzonspor,Kasımpaşa SK,2,1
2026-01-24,Fatih Karagümrük,Galatasaray,1,3
2026-01-24,Kayserispor,İstanbul Başakşehir,0,3
2026-01-24,Samsunspor,Kocaelispor,0,0
2026-01-25,Antalyaspor,Gençlerbirliği,2,1
2026-01-25,Çaykur Rizespor,Alanyaspor,1,1
2026-01-25,Fenerbahçe,Göztepe,1,1
2026-01-25,Gaziantep FK,Konyaspor,1,1
2026-01-26,Eyüpspor,Beşiktaş,2,2
2026-01-30,Antalyaspor,Trabzonspor,1,1
2026-01-30,Kasımpaşa SK,Samsunspor,0,1
2026-01-31,Alanyaspor,Eyüpspor,1,3
2026-01-31,Beşiktaş,Konyaspor,2,1
2026-01-31,Göztepe,Fatih Karagümrük,2,1
2026-01-31,İstanbul Başakşehir,Çaykur Rizespor,2,2
2026-02-01,Galatasaray,Kayserispor,4,0
2026-02-01,Gençlerbirliği,Gaziantep FK,2,1
2026-02-02,Kocaelispor,Fenerbahçe,0,2
2026-02-07,Fatih Karagümrük,Antalyaspor,1,0
2026-02-07,Samsunspor,Trabzonspor,0,3
2026-02-08,Beşiktaş,Alanyaspor,2,2
2026-02-08,Çaykur Rizespor,Galatasaray,0,3
2026-02-08,Eyüpspor,İstanbul Başakşehir,1,2
2026-02-08,Konyaspor,Göztepe,0,0
2026-02-09,Fenerbahçe,Gençlerbirliği,3,1
2026-02-09,Gaziantep FK,Kasımpaşa SK,2,1
2026-02-09,Kayserispor,Kocaelispor,1,2
2026-02-13,Antalyaspor,Samsunspor,3,1
2026-02-13,Galatasaray,Eyüpspor,5,1
2026-02-14,Alanyaspor,Konyaspor,2,1
2026-02-14,Gençlerbirliği,Çaykur Rizespor,2,2
2026-02-14,Trabzonspor,Fenerbahçe,2,3
2026-02-15,Göztepe,Kayserispor,0,0
2026-02-15,İstanbul Başakşehir,Beşiktaş,2,3
2026-02-15,Kocaelispor,Gaziantep FK,3,0
2026-02-16,Kasımpaşa SK,Fatih Karagümrük,3,2
2026-02-20,Çaykur Rizespor,Kocaelispor,2,0
2026-02-21,Alanyaspor,İstanbul Başakşehir,1,2
2026-02-21,Eyüpspor,Gençlerbirliği,1,0
2026-02-21,Konyaspor,Galatasaray,2,0
2026-02-22,Beşiktaş,Göztepe,4,0
2026-02-22,Fatih Karagümrük,Samsunspor,0,0
2026-02-22,Gaziantep FK,Trabzonspor,1,2
2026-02-22,Kayserispor,Antalyaspor,1,0
2026-02-23,Fenerbahçe,Kasımpaşa SK,1,1
2026-02-27,İstanbul Başakşehir,Konyaspor,2,0
2026-02-27,Trabzonspor,Fatih Karagümrük,3,1
2026-02-28,Galatasaray,Alanyaspor,3,1
2026-02-28,Göztepe,Eyüpspor,0,0
2026-02-28,Kasımpaşa SK,Çaykur Rizespor,0,3
2026-02-28,Kocaelispor,Beşiktaş,0,1
2026-03-01,Antalyaspor,Fenerbahçe,2,2
2026-03-01,Gençlerbirliği,Kayserispor,0,0
2026-03-01,Samsunspor,Gaziantep FK,0,0
2026-03-07,Beşiktaş,Galatasaray,0,1
2026-03-07,İstanbul Başakşehir,Göztepe,2,1
2026-03-08,Çaykur Rizespor,Antalyaspor,1,0
2026-03-08,Fenerbahçe,Samsunspor,3,2
2026-03-08,Gaziantep FK,Fatih Karagümrük,1,1
2026-03-08,Konyaspor,Kasımpaşa SK,1,1
2026-03-09,Alanyaspor,Gençlerbirliği,0,0
2026-03-09,Eyüpspor,Kocaelispor,0,1
2026-03-09,Kayserispor,Trabzonspor,1,3
2026-03-13,Antalyaspor,Gaziantep FK,1,4
2026-03-13,Fatih Karagümrük,Fenerbahçe,2,0
2026-03-14,Galatasaray,İstanbul Başakşehir,3,0
2026-03-14,Göztepe,Alanyaspor,2,2
2026-03-14,Kocaelispor,Konyaspor,1,2
2026-03-14,Trabzonspor,Çaykur Rizespor,1,0
2026-03-15,Gençlerbirliği,Beşiktaş,0,2
2026-03-15,Kasımpaşa SK,Eyüpspor,1,0
2026-03-15,Samsunspor,Kayserispor,2,1
2026-03-17,Fenerbahçe,Gaziantep FK,4,1
2026-03-18,Alanyaspor,Kocaelispor,5,0
2026-03-18,Eyüpspor,Trabzonspor,0,1
2026-03-18,İstanbul Başakşehir,Antalyaspor,0,0
2026-03-19,Beşiktaş,Kasımpaşa SK,2,1
2026-03-19,Kayserispor,Fatih Karagümrük,1,0
2026-03-19,Konyaspor,Gençlerbirliği,1,0
2026-04-04,Gaziantep FK,Alanyaspor,1,1
2026-04-04,Gençlerbirliği,Göztepe,0,2
2026-04-04,Kasımpaşa SK,Kayserispor,2,0
2026-04-04,Trabzonspor,Galatasaray,2,1
2026-04-05,Antalyaspor,Eyüpspor,3,0
2026-04-05,Fatih Karagümrük,Çaykur Rizespor,2,1
2026-04-05,Fenerbahçe,Beşiktaş,1,0
2026-04-05,Samsunspor,Konyaspor,2,2
2026-04-06,Kocaelispor,İstanbul Başakşehir,0,0
2026-04-08,Göztepe,Galatasaray,1,3
2026-04-09,Çaykur Rizespor,Samsunspor,4,1
2026-04-10,Beşiktaş,Antalyaspor,4,2
2026-04-11,Alanyaspor,Trabzonspor,1,1
2026-04-11,İstanbul Başakşehir,Gençlerbirliği,3,0
2026-04-11,Kayserispor,Fenerbahçe,0,4
2026-04-12,Galatasaray,Kocaelispor,1,1
2026-04-12,Göztepe,Kasımpaşa SK,3,3
2026-04-12,Konyaspor,Fatih Karagümrük,3,0
2026-04-13,Çaykur Rizespor,Gaziantep FK,2,1
2026-04-13,Eyüpspor,Samsunspor,1,2
2026-04-17,Antalyaspor,Konyaspor,0,2
2026-04-17,Fenerbahçe,Çaykur Rizespor,2,2
2026-04-18,Fatih Karagümrük,Eyüpspor,1,2
2026-04-18,Gençlerbirliği,Galatasaray,1,2
2026-04-18,Kocaelispor,Göztepe,1,1
2026-04-19,Kasımpaşa SK,Alanyaspor,1,0
2026-04-19,Samsunspor,Beşiktaş,2,1
2026-04-19,Trabzonspor,İstanbul Başakşehir,1,1
2026-04-20,Gaziantep FK,Kayserispor,3,0
2026-04-24,İstanbul Başakşehir,Kasımpaşa SK,4,0
2026-04-25,Eyüpspor,Gaziantep FK,3,0
2026-04-25,Göztepe,Antalyaspor,2,0
2026-04-25,Kayserispor,Çaykur Rizespor,2,0
2026-04-26,Galatasaray,Fenerbahçe,3,0
2026-04-26,Gençlerbirliği,Kocaelispor,1,0
2026-04-27,Alanyaspor,Samsunspor,2,3
2026-04-27,Beşiktaş,Fatih Karagümrük,0,0
2026-04-27,Konyaspor,Trabzonspor,2,1
2026-05-01,Çaykur Rizespor,Konyaspor,3,2
2026-05-01,Gaziantep FK,Beşiktaş,0,2
2026-05-02,Fenerbahçe,İstanbul Başakşehir,3,1
2026-05-02,Samsunspor,Galatasaray,4,1
2026-05-02,Trabzonspor,Göztepe,1,1
2026-05-03,Antalyaspor,Alanyaspor,0,0
2026-05-03,Fatih Karagümrük,Gençlerbirliği,1,0
2026-05-03,Kasımpaşa SK,Kocaelispor,1,1
2026-05-03,Kayserispor,Eyüpspor,1,1
2026-05-09,Alanyaspor,Kayserispor,3,1
2026-05-09,Beşiktaş,Trabzonspor,1,2
2026-05-09,Eyüpspor,Çaykur Rizespor,4,0
2026-05-09,Galatasaray,Antalyaspor,4,2
2026-05-09,Gençlerbirliği,Kasımpaşa SK,3,2
2026-05-09,Göztepe,Gaziantep FK,2,1
2026-05-09,İstanbul Başakşehir,Samsunspor,3,0
2026-05-09,Kocaelispor,Fatih Karagümrük,0,1
2026-05-09,Konyaspor,Fenerbahçe,0,3
2026-05-15,Çaykur Rizespor,Beşiktaş,2,2
2026-05-16,Fatih Karagümrük,Alanyaspor,2,1
2026-05-16,Gaziantep FK,İstanbul Başakşehir,1,2
2026-05-16,Samsunspor,Göztepe,3,0
2026-05-17,Antalyaspor,Kocaelispor,1,0
2026-05-17,Fenerbahçe,Eyüpspor,3,3
2026-05-17,Kasımpaşa SK,Galatasaray,1,0
2026-05-17,Kayserispor,Konyaspor,2,1
2026-05-17,Trabzonspor,Gençlerbirliği,0,3
