2025-08-08,Birmingham City FC,Ipswich Town FC,1,1
2025-08-09,Charlton Athletic FC,Watford FC,1,0
2025-08-09,Coventry City FC,Hull City AFC,0,0
2025-08-09,Southampton FC,Wrexham AFC,2,1
2025-08-09,Middlesbrough FC,Swansea City AFC,1,0
2025-08-09,Norwich City FC,Millwall FC,1,2
2025-08-09,Oxford United FC,Portsmouth FC,0,1
2025-08-09,Queens Park Rangers FC,Preston North End FC,1,1
2025-08-09,Stoke City FC,Derby County FC,3,1
2025-08-09,West Bromwich Albion FC,Blackburn Rovers FC,1,0
2025-08-09,Sheffield United FC,Bristol City FC,1,4
2025-08-10,Leicester City FC,Sheffield Wednesday FC,2,1
2025-08-16,Derby County FC,Coventry City FC,3,5
2025-08-16,Portsmouth FC,Norwich City FC,1,2
2025-08-16,Wrexham AFC,West Bromwich Albion FC,2,3
2025-08-16,Blackburn Rovers FC,Birmingham City FC,1,2
2025-08-16,Bristol City FC,Charlton Athletic FC,0,0
2025-08-16,Millwall FC,Middlesbrough FC,0,3
2025-08-16,Preston North End FC,Leicester City FC,2,1
2025-08-16,Sheffield Wednesday FC,Stoke City FC,0,3
2025-08-16,Swansea City AFC,Sheffield United FC,1,0
2025-08-16,Watford FC,Queens Park Rangers FC,2,1
2025-08-17,Ipswich Town FC,Southampton FC,1,1
2025-08-17,Hull City AFC,Oxford United FC,3,2
2025-08-22,Derby County FC,Bristol City FC,1,1
2025-08-23,Charlton Athletic FC,Leicester City FC,0,1
2025-08-23,Hull City AFC,Blackburn Rovers FC,0,3
2025-08-23,Swansea City AFC,Watford FC,1,1
2025-08-23,Birmingham City FC,Oxford United FC,1,0
2025-08-23,Coventry City FC,Queens Park Rangers FC,7,1
2025-08-23,Norwich City FC,Middlesbrough FC,1,2
2025-08-23,Preston North End FC,Ipswich Town FC,1,0
2025-08-23,Sheffield United FC,Millwall FC,0,1
2025-08-23,Southampton FC,Stoke City FC,1,2
2025-08-23,West Bromwich Albion FC,Portsmouth FC,1,1
2025-08-23,Wrexham AFC,Sheffield Wednesday FC,2,2
2025-08-29,Leicester City FC,Birmingham City FC,2,0
2025-08-30,Middlesbrough FC,Sheffield United FC,1,0
2025-08-30,Queens Park Rangers FC,Charlton Athletic FC,3,1
2025-08-30,Stoke City FC,West Bromwich Albion FC,0,1
2025-08-30,Blackburn Rovers FC,Norwich City FC,0,2
2025-08-30,Bristol City FC,Hull City AFC,4,2
2025-08-30,Ipswich Town FC,Derby County FC,2,2
2025-08-30,Millwall FC,Wrexham AFC,0,2
2025-08-30,Oxford United FC,Coventry City FC,2,2
2025-08-30,Portsmouth FC,Preston North End FC,1,0
2025-08-30,Sheffield Wednesday FC,Swansea City AFC,0,2
2025-08-30,Watford FC,Southampton FC,2,2
2025-09-12,Ipswich Town FC,Sheffield United FC,5,0
2025-09-13,Charlton Athletic FC,Millwall FC,1,1
2025-09-13,Oxford United FC,Leicester City FC,2,2
2025-09-13,Preston North End FC,Middlesbrough FC,2,2
2025-09-13,Coventry City FC,Norwich City FC,1,1
2025-09-13,Sheffield Wednesday FC,Bristol City FC,0,3
2025-09-13,Stoke City FC,Birmingham City FC,1,0
2025-09-13,Swansea City AFC,Hull City AFC,2,2
2025-09-13,Watford FC,Blackburn Rovers FC,0,1
2025-09-13,West Bromwich Albion FC,Derby County FC,0,1
2025-09-13,Wrexham AFC,Queens Park Rangers FC,1,3
2025-09-14,Southampton FC,Portsmouth FC,0,0
2025-09-19,Middlesbrough FC,West Bromwich Albion FC,2,1
2025-09-20,Birmingham City FC,Swansea City AFC,1,0
2025-09-20,Leicester City FC,Coventry City FC,0,0
2025-09-20,Queens Park Rangers FC,Stoke City FC,1,0
2025-09-20,Derby County FC,Preston North End FC,0,1
2025-09-20,Hull City AFC,Southampton FC,3,1
2025-09-20,Norwich City FC,Wrexham AFC,2,3
2025-09-20,Portsmouth FC,Sheffield Wednesday FC,0,2
2025-09-20,Sheffield United FC,Charlton Athletic FC,0,1
2025-09-21,Bristol City FC,Oxford United FC,1,3
2025-09-22,Millwall FC,Watford FC,1,0
2025-09-26,West Bromwich Albion FC,Leicester City FC,1,1
2025-09-27,Coventry City FC,Birmingham City FC,3,0
2025-09-27,Swansea City AFC,Millwall FC,1,1
2025-09-27,Wrexham AFC,Derby County FC,1,1
2025-09-27,Charlton Athletic FC,Blackburn Rovers FC,3,0
2025-09-27,Ipswich Town FC,Portsmouth FC,2,1
2025-09-27,Oxford United FC,Sheffield United FC,0,1
2025-09-27,Preston North End FC,Bristol City FC,0,0
2025-09-27,Sheffield Wednesday FC,Queens Park Rangers FC,1,1
2025-09-27,Southampton FC,Middlesbrough FC,1,1
2025-09-27,Stoke City FC,Norwich City FC,1,1
2025-09-27,Watford FC,Hull City AFC,2,1
2025-09-30,Birmingham City FC,Sheffield Wednesday FC,2,2
2025-09-30,Blackburn Rovers FC,Swansea City AFC,1,2
2025-09-30,Bristol City FC,Ipswich Town FC,1,1
2025-09-30,Hull City AFC,Preston North End FC,2,2
2025-09-30,Leicester City FC,Wrexham AFC,1,1
2025-09-30,Middlesbrough FC,Stoke City FC,0,0
2025-09-30,Sheffield United FC,Southampton FC,1,2
2025-09-30,Derby County FC,Charlton Athletic FC,1,1
2025-10-01,Millwall FC,Coventry City FC,0,4
2025-10-01,Norwich City FC,West Bromwich Albion FC,0,1
2025-10-01,Portsmouth FC,Watford FC,2,2
2025-10-01,Queens Park Rangers FC,Oxford United FC,0,0
2025-10-03,Wrexham AFC,Birmingham City FC,1,1
2025-10-04,Blackburn Rovers FC,Stoke City FC,1,1
2025-10-04,Hull City AFC,Sheffield United FC,1,0
2025-10-04,Sheffield Wednesday FC,Coventry City FC,0,5
2025-10-04,Bristol City FC,Queens Park Rangers FC,1,2
2025-10-04,Derby County FC,Southampton FC,1,1
2025-10-04,Millwall FC,West Bromwich Albion FC,3,0
2025-10-04,Portsmouth FC,Middlesbrough FC,1,0
2025-10-04,Preston North End FC,Charlton Athletic FC,2,0
2025-10-04,Swansea City AFC,Leicester City FC,1,3
2025-10-04,Watford FC,Oxford United FC,2,1
2025-10-05,Ipswich Town FC,Norwich City FC,3,1
2025-10-17,Middlesbrough FC,Ipswich Town FC,2,1
2025-10-18,Oxford United FC,Derby County FC,1,0
2025-10-18,Queens Park Rangers FC,Millwall FC,1,2
2025-10-18,Southampton FC,Swansea City AFC,0,0
2025-10-18,Birmingham City FC,Hull City AFC,2,3
2025-10-18,Charlton Athletic FC,Sheffield Wednesday FC,2,1
2025-10-18,Coventry City FC,Blackburn Rovers FC,2,0
2025-10-18,Norwich City FC,Bristol City FC,0,1
2025-10-18,Sheffield United FC,Watford FC,1,0
2025-10-18,Stoke City FC,Wrexham AFC,1,0
2025-10-18,West Bromwich Albion FC,Preston North End FC,2,1
2025-10-18,Leicester City FC,Portsmouth FC,1,1
2025-10-21,Blackburn Rovers FC,Sheffield United FC,1,3
2025-10-21,Derby County FC,Norwich City FC,1,0
2025-10-21,Hull City AFC,Leicester City FC,2,1
2025-10-21,Ipswich Town FC,Charlton Athletic FC,0,3
2025-10-21,Millwall FC,Stoke City FC,2,0
2025-10-21,Portsmouth FC,Coventry City FC,1,2
2025-10-21,Preston North End FC,Birmingham City FC,0,1
2025-10-21,Bristol City FC,Southampton FC,3,1
2025-10-22,Swansea City AFC,Queens Park Rangers FC,0,1
2025-10-22,Watford FC,West Bromwich Albion FC,2,1
2025-10-22,Wrexham AFC,Oxford United FC,1,0
2025-10-22,Sheffield Wednesday FC,Middlesbrough FC,0,1
2025-10-24,Preston North End FC,Sheffield United FC,3,2
2025-10-25,Coventry City FC,Watford FC,3,1
2025-10-25,Ipswich Town FC,West Bromwich Albion FC,1,0
2025-10-25,Portsmouth FC,Stoke City FC,0,1
2025-10-25,Blackburn Rovers FC,Southampton FC,2,1
2025-10-25,Bristol City FC,Birmingham City FC,1,0
2025-10-25,Derby County FC,Queens Park Rangers FC,1,0
2025-10-25,Hull City AFC,Charlton Athletic FC,1,1
2025-10-25,Middlesbrough FC,Wrexham AFC,1,1
2025-10-25,Millwall FC,Leicester City FC,1,0
2025-10-25,Sheffield Wednesday FC,Oxford United FC,1,2
2025-10-25,Swansea City AFC,Norwich City FC,2,1
2025-10-31,Wrexham AFC,Coventry City FC,3,2
2025-11-01,Leicester City FC,Blackburn Rovers FC,0,2
2025-11-01,Norwich City FC,Hull City AFC,0,2
2025-11-01,West Bromwich Albion FC,Sheffield Wednesday FC,0,0
2025-11-01,Birmingham City FC,Portsmouth FC,4,0
2025-11-01,Charlton Athletic FC,Swansea City AFC,1,1
2025-11-01,Oxford United FC,Millwall FC,2,2
2025-11-01,Queens Park Rangers FC,Ipswich Town FC,1,4
2025-11-01,Sheffield United FC,Derby County FC,1,3
2025-11-01,Southampton FC,Preston North End FC,0,2
2025-11-01,Stoke City FC,Bristol City FC,5,1
2025-11-01,Watford FC,Middlesbrough FC,3,0
2025-11-04,Birmingham City FC,Millwall FC,4,0
2025-11-04,Bristol City FC,Blackburn Rovers FC,0,1
2025-11-04,Charlton Athletic FC,West Bromwich Albion FC,1,0
2025-11-04,Derby County FC,Hull City AFC,2,1
2025-11-04,Ipswich Town FC,Watford FC,1,1
2025-11-04,Leicester City FC,Middlesbrough FC,1,1
2025-11-04,Oxford United FC,Stoke City FC,0,3
2025-11-04,Coventry City FC,Sheffield United FC,3,1
2025-11-05,Preston North End FC,Swansea City AFC,2,1
2025-11-05,Queens Park Rangers FC,Southampton FC,1,2
2025-11-05,Sheffield Wednesday FC,Norwich City FC,1,1
2025-11-05,Portsmouth FC,Wrexham AFC,0,0
2025-11-07,Watford FC,Bristol City FC,1,1
2025-11-08,Blackburn Rovers FC,Derby County FC,1,2
2025-11-08,Hull City AFC,Portsmouth FC,3,2
2025-11-08,Millwall FC,Preston North End FC,1,1
2025-11-08,Middlesbrough FC,Birmingham City FC,2,1
2025-11-08,Norwich City FC,Leicester City FC,1,2
2025-11-08,Sheffield United FC,Queens Park Rangers FC,0,0
2025-11-08,Southampton FC,Sheffield Wednesday FC,3,1
2025-11-08,Stoke City FC,Coventry City FC,0,1
2025-11-08,Swansea City AFC,Ipswich Town FC,1,4
2025-11-08,West Bromwich Albion FC,Oxford United FC,2,1
2025-11-08,Wrexham AFC,Charlton Athletic FC,1,0
2025-11-21,Preston North End FC,Blackburn Rovers FC,1,2
2025-11-22,Bristol City FC,Swansea City AFC,3,0
2025-11-22,Charlton Athletic FC,Southampton FC,1,5
2025-11-22,Coventry City FC,West Bromwich Albion FC,3,2
2025-11-22,Birmingham City FC,Norwich City FC,4,1
2025-11-22,Derby County FC,Watford FC,2,3
2025-11-22,Ipswich Town FC,Wrexham AFC,0,0
2025-11-22,Leicester City FC,Stoke City FC,2,1
2025-11-22,Oxford United FC,Middlesbrough FC,1,1
2025-11-22,Portsmouth FC,Millwall FC,3,1
2025-11-22,Queens Park Rangers FC,Hull City AFC,3,2
2025-11-23,Sheffield Wednesday FC,Sheffield United FC,0,3
2025-11-25,Hull City AFC,Ipswich Town FC,0,2
2025-11-25,Middlesbrough FC,Coventry City FC,2,4
2025-11-25,Norwich City FC,Oxford United FC,1,1
2025-11-25,Stoke City FC,Charlton Athletic FC,3,0
2025-11-25,Swansea City AFC,Derby County FC,1,2
2025-11-25,Watford FC,Preston North End FC,1,1
2025-11-25,Southampton FC,Leicester City FC,3,0
2025-11-26,Blackburn Rovers FC,Queens Park Rangers FC,0,1
2025-11-26,Millwall FC,Sheffield Wednesday FC,1,0
2025-11-26,Sheffield United FC,Portsmouth FC,3,0
2025-11-26,Wrexham AFC,Bristol City FC,2,0
2025-11-26,West Bromwich Albion FC,Birmingham City FC,1,1
2025-11-28,Oxford United FC,Ipswich Town FC,2,1
2025-11-29,Leicester City FC,Sheffield United FC,2,3
2025-11-29,Portsmouth FC,Bristol City FC,0,1
2025-11-29,Stoke City FC,Hull City AFC,1,2
2025-11-29,Coventry City FC,Charlton Athletic FC,3,1
2025-11-29,Middlesbrough FC,Derby County FC,2,1
2025-11-29,Millwall FC,Southampton FC,3,2
2025-11-29,Norwich City FC,Queens Park Rangers FC,3,1
2025-11-29,Sheffield Wednesday FC,Preston North End FC,2,3
2025-11-29,West Bromwich Albion FC,Swansea City AFC,3,2
2025-11-29,Wrexham AFC,Blackburn Rovers FC,1,1
2025-12-01,Birmingham City FC,Watford FC,2,1
2025-12-02,Blackburn Rovers FC,Ipswich Town FC,1,1
2025-12-05,Hull City AFC,Middlesbrough FC,1,4
2025-12-06,Derby County FC,Leicester City FC,1,3
2025-12-06,Watford FC,Norwich City FC,3,2
2025-12-06,Bristol City FC,Millwall FC,0,1
2025-12-06,Ipswich Town FC,Coventry City FC,3,0
2025-12-06,Preston North End FC,Wrexham AFC,1,1
2025-12-06,Queens Park Rangers FC,West Bromwich Albion FC,3,1
2025-12-06,Sheffield United FC,Stoke City FC,4,0
2025-12-06,Southampton FC,Birmingham City FC,3,1
2025-12-06,Swansea City AFC,Oxford United FC,2,0
2025-12-09,Blackburn Rovers FC,Oxford United FC,1,1
2025-12-09,Charlton Athletic FC,Middlesbrough FC,1,2
2025-12-09,Preston North End FC,Coventry City FC,1,1
2025-12-09,Sheffield United FC,Norwich City FC,1,1
2025-12-09,Southampton FC,West Bromwich Albion FC,3,2
2025-12-09,Swansea City AFC,Portsmouth FC,1,0
2025-12-09,Watford FC,Sheffield Wednesday FC,1,1
2025-12-09,Queens Park Rangers FC,Birmingham City FC,2,1
2025-12-10,Bristol City FC,Leicester City FC,2,2
2025-12-10,Derby County FC,Millwall FC,1,1
2025-12-10,Ipswich Town FC,Stoke City FC,1,0
2025-12-10,Hull City AFC,Wrexham AFC,2,0
2025-12-12,West Bromwich Albion FC,Sheffield United FC,2,0
2025-12-13,Norwich City FC,Southampton FC,2,1
2025-12-13,Oxford United FC,Preston North End FC,1,2
2025-12-13,Stoke City FC,Swansea City AFC,2,1
2025-12-13,Birmingham City FC,Charlton Athletic FC,1,1
2025-12-13,Coventry City FC,Bristol City FC,1,0
2025-12-13,Leicester City FC,Ipswich Town FC,3,1
2025-12-13,Middlesbrough FC,Queens Park Rangers FC,3,1
2025-12-13,Millwall FC,Hull City AFC,1,3
2025-12-13,Portsmouth FC,Blackburn Rovers FC,2,1
2025-12-13,Wrexham AFC,Watford FC,2,2
2025-12-15,Sheffield Wednesday FC,Derby County FC,0,3
2025-12-19,Swansea City AFC,Wrexham AFC,2,1
2025-12-20,Blackburn Rovers FC,Millwall FC,2,0
2025-12-20,Preston North End FC,Norwich City FC,1,1
2025-12-20,Southampton FC,Coventry City FC,1,1
2025-12-20,Bristol City FC,Middlesbrough FC,2,0
2025-12-20,Charlton Athletic FC,Oxford United FC,1,0
2025-12-20,Derby County FC,Portsmouth FC,1,1
2025-12-20,Hull City AFC,West Bromwich Albion FC,1,0
2025-12-20,Ipswich Town FC,Sheffield Wednesday FC,3,1
2025-12-20,Queens Park Rangers FC,Leicester City FC,4,1
2025-12-20,Sheffield United FC,Birmingham City FC,3,0
2025-12-20,Watford FC,Stoke City FC,1,0
2025-12-26,Birmingham City FC,Derby County FC,1,1
2025-12-26,Millwall FC,Ipswich Town FC,0,0
2025-12-26,Coventry City FC,Swansea City AFC,1,0
2025-12-26,Leicester City FC,Watford FC,1,2
2025-12-26,Middlesbrough FC,Blackburn Rovers FC,0,0
2025-12-26,Norwich City FC,Charlton Athletic FC,1,0
2025-12-26,Oxford United FC,Southampton FC,2,1
2025-12-26,Portsmouth FC,Queens Park Rangers FC,1,1
2025-12-26,Sheffield Wednesday FC,Hull City AFC,2,2
2025-12-26,Stoke City FC,Preston North End FC,0,0
2025-12-26,West Bromwich Albion FC,Bristol City FC,1,2
2025-12-26,Wrexham AFC,Sheffield United FC,5,3
2025-12-29,Coventry City FC,Ipswich Town FC,0,2
2025-12-29,Leicester City FC,Derby County FC,2,1
2025-12-29,Middlesbrough FC,Hull City AFC,0,1
2025-12-29,Millwall FC,Bristol City FC,2,1
2025-12-29,Norwich City FC,Watford FC,0,1
2025-12-29,Oxford United FC,Swansea City AFC,0,1
2025-12-29,Portsmouth FC,Charlton Athletic FC,2,1
2025-12-29,Sheffield Wednesday FC,Blackburn Rovers FC,0,0
2025-12-29,Stoke City FC,Sheffield United FC,1,2
2025-12-29,West Bromwich Albion FC,Queens Park Rangers FC,2,1
2025-12-29,Wrexham AFC,Preston North End FC,2,1
2025-12-29,Birmingham City FC,Southampton FC,1,1
2026-01-01,Blackburn Rovers FC,Wrexham AFC,0,2
2026-01-01,Bristol City FC,Portsmouth FC,5,0
2026-01-01,Charlton Athletic FC,Coventry City FC,1,1
2026-01-01,Derby County FC,Middlesbrough FC,1,0
2026-01-01,Hull City AFC,Stoke City FC,0,1
2026-01-01,Ipswich Town FC,Oxford United FC,2,1
2026-01-01,Preston North End FC,Sheffield Wednesday FC,3,0
2026-01-01,Queens Park Rangers FC,Norwich City FC,1,2
2026-01-01,Southampton FC,Millwall FC,0,0
2026-01-01,Swansea City AFC,West Bromwich Albion FC,1,0
2026-01-01,Watford FC,Birmingham City FC,3,0
2026-01-01,Sheffield United FC,Leicester City FC,3,1
2026-01-04,Birmingham City FC,Coventry City FC,3,2
2026-01-04,Queens Park Rangers FC,Sheffield Wednesday FC,3,0
2026-01-04,Blackburn Rovers FC,Charlton Athletic FC,2,2
2026-01-04,Bristol City FC,Preston North End FC,0,2
2026-01-04,Derby County FC,Wrexham AFC,1,2
2026-01-04,Middlesbrough FC,Southampton FC,4,0
2026-01-04,Millwall FC,Swansea City AFC,2,1
2026-01-04,Norwich City FC,Stoke City FC,0,2
2026-01-05,Leicester City FC,West Bromwich Albion FC,2,1
2026-01-16,West Bromwich Albion FC,Middlesbrough FC,2,3
2026-01-17,Coventry City FC,Leicester City FC,2,1
2026-01-17,Ipswich Town FC,Blackburn Rovers FC,3,0
2026-01-17,Watford FC,Millwall FC,0,2
2026-01-17,Charlton Athletic FC,Sheffield United FC,1,0
2026-01-17,Oxford United FC,Bristol City FC,0,0
2026-01-17,Preston North End FC,Derby County FC,0,1
2026-01-17,Sheffield Wednesday FC,Portsmouth FC,0,1
2026-01-17,Southampton FC,Hull City AFC,1,2
2026-01-17,Stoke City FC,Queens Park Rangers FC,0,0
2026-01-17,Wrexham AFC,Norwich City FC,1,2
2026-01-17,Swansea City AFC,Birmingham City FC,1,1
2026-01-20,Charlton Athletic FC,Derby County FC,1,2
2026-01-20,Coventry City FC,Millwall FC,2,1
2026-01-20,Ipswich Town FC,Bristol City FC,2,0
2026-01-20,Oxford United FC,Queens Park Rangers FC,0,0
2026-01-20,Preston North End FC,Hull City AFC,0,3
2026-01-20,Sheffield Wednesday FC,Birmingham City FC,0,2
2026-01-20,Swansea City AFC,Blackburn Rovers FC,3,1
2026-01-20,West Bromwich Albion FC,Norwich City FC,0,5
2026-01-20,Wrexham AFC,Leicester City FC,1,1
2026-01-21,Southampton FC,Sheffield United FC,1,0
2026-01-21,Watford FC,Portsmouth FC,1,1
2026-01-21,Stoke City FC,Middlesbrough FC,1,2
2026-01-23,Derby County FC,West Bromwich Albion FC,1,1
2026-01-24,Middlesbrough FC,Preston North End FC,4,0
2026-01-24,Millwall FC,Charlton Athletic FC,4,0
2026-01-24,Birmingham City FC,Stoke City FC,1,1
2026-01-24,Blackburn Rovers FC,Watford FC,1,1
2026-01-24,Bristol City FC,Sheffield Wednesday FC,2,0
2026-01-24,Hull City AFC,Swansea City AFC,2,1
2026-01-24,Leicester City FC,Oxford United FC,1,2
2026-01-24,Queens Park Rangers FC,Wrexham AFC,2,3
2026-01-24,Sheffield United FC,Ipswich Town FC,3,1
2026-01-25,Portsmouth FC,Southampton FC,1,1
2026-01-26,Norwich City FC,Coventry City FC,2,1
2026-01-30,Bristol City FC,Derby County FC,0,5
2026-01-31,Leicester City FC,Charlton Athletic FC,0,2
2026-01-31,Sheffield Wednesday FC,Wrexham AFC,0,1
2026-01-31,Stoke City FC,Southampton FC,0,2
2026-01-31,Blackburn Rovers FC,Hull City AFC,0,1
2026-01-31,Ipswich Town FC,Preston North End FC,1,1
2026-01-31,Middlesbrough FC,Norwich City FC,1,0
2026-01-31,Millwall FC,Sheffield United FC,1,1
2026-01-31,Oxford United FC,Birmingham City FC,0,2
2026-01-31,Portsmouth FC,West Bromwich Albion FC,3,0
2026-01-31,Queens Park Rangers FC,Coventry City FC,2,1
2026-01-31,Watford FC,Swansea City AFC,0,2
2026-02-03,Blackburn Rovers FC,Sheffield Wednesday FC,1,0
2026-02-03,Hull City AFC,Watford FC,0,0
2026-02-03,Sheffield United FC,Oxford United FC,3,1
2026-02-06,Charlton Athletic FC,Queens Park Rangers FC,0,0
2026-02-07,Derby County FC,Ipswich Town FC,1,2
2026-02-07,Norwich City FC,Blackburn Rovers FC,2,0
2026-02-07,Southampton FC,Watford FC,1,0
2026-02-07,Birmingham City FC,Leicester City FC,2,1
2026-02-07,Coventry City FC,Oxford United FC,0,0
2026-02-07,Hull City AFC,Bristol City FC,2,3
2026-02-07,Preston North End FC,Portsmouth FC,1,0
2026-02-07,West Bromwich Albion FC,Stoke City FC,0,0
2026-02-07,Wrexham AFC,Millwall FC,0,2
2026-02-08,Swansea City AFC,Sheffield Wednesday FC,4,0
2026-02-09,Sheffield United FC,Middlesbrough FC,1,2
2026-02-10,Leicester City FC,Southampton FC,3,4
2026-02-10,Oxford United FC,Norwich City FC,0,3
2026-02-10,Birmingham City FC,West Bromwich Albion FC,0,0
2026-02-11,Charlton Athletic FC,Stoke City FC,1,0
2026-02-14,Derby County FC,Swansea City AFC,2,0
2026-02-14,Portsmouth FC,Sheffield United FC,0,1
2026-02-14,Preston North End FC,Watford FC,2,2
2026-02-14,Queens Park Rangers FC,Blackburn Rovers FC,1,3
2026-02-14,Sheffield Wednesday FC,Millwall FC,1,2
2026-02-16,Coventry City FC,Middlesbrough FC,3,1
2026-02-17,Bristol City FC,Wrexham AFC,2,2
2026-02-17,Charlton Athletic FC,Portsmouth FC,1,3
2026-02-20,Blackburn Rovers FC,Preston North End FC,1,0
2026-02-21,Hull City AFC,Queens Park Rangers FC,1,3
2026-02-21,Stoke City FC,Leicester City FC,2,2
2026-02-21,Swansea City AFC,Bristol City FC,1,0
2026-02-21,West Bromwich Albion FC,Coventry City FC,0,2
2026-02-21,Middlesbrough FC,Oxford United FC,0,0
2026-02-21,Millwall FC,Portsmouth FC,1,3
2026-02-21,Norwich City FC,Birmingham City FC,1,2
2026-02-21,Southampton FC,Charlton Athletic FC,1,1
2026-02-21,Watford FC,Derby County FC,2,0
2026-02-21,Wrexham AFC,Ipswich Town FC,5,3
2026-02-22,Sheffield United FC,Sheffield Wednesday FC,2,1
2026-02-24,Blackburn Rovers FC,Bristol City FC,1,2
2026-02-24,Hull City AFC,Derby County FC,4,2
2026-02-24,Middlesbrough FC,Leicester City FC,1,1
2026-02-24,Swansea City AFC,Preston North End FC,1,1
2026-02-24,Watford FC,Ipswich Town FC,0,2
2026-02-24,West Bromwich Albion FC,Charlton Athletic FC,1,1
2026-02-24,Wrexham AFC,Portsmouth FC,2,1
2026-02-24,Southampton FC,Queens Park Rangers FC,5,0
2026-02-25,Millwall FC,Birmingham City FC,3,0
2026-02-25,Norwich City FC,Sheffield Wednesday FC,2,0
2026-02-25,Sheffield United FC,Coventry City FC,1,2
2026-02-25,Stoke City FC,Oxford United FC,2,1
2026-02-27,Bristol City FC,Watford FC,1,2
2026-02-28,Derby County FC,Blackburn Rovers FC,3,1
2026-02-28,Leicester City FC,Norwich City FC,0,2
2026-02-28,Portsmouth FC,Hull City AFC,0,1
2026-02-28,Charlton Athletic FC,Wrexham AFC,0,1
2026-02-28,Coventry City FC,Stoke City FC,2,1
2026-02-28,Ipswich Town FC,Swansea City AFC,3,0
2026-02-28,Oxford United FC,West Bromwich Albion FC,2,1
2026-02-28,Preston North End FC,Millwall FC,0,2
2026-02-28,Queens Park Rangers FC,Sheffield United FC,0,2
2026-02-28,Sheffield Wednesday FC,Southampton FC,1,3
2026-03-02,Birmingham City FC,Middlesbrough FC,1,3
2026-03-03,Ipswich Town FC,Hull City AFC,1,0
2026-03-06,Preston North End FC,Oxford United FC,1,3
2026-03-07,Blackburn Rovers FC,Portsmouth FC,1,1
2026-03-07,Hull City AFC,Millwall FC,1,3
2026-03-07,Bristol City FC,Coventry City FC,0,2
2026-03-07,Charlton Athletic FC,Birmingham City FC,1,0
2026-03-07,Derby County FC,Sheffield Wednesday FC,2,1
2026-03-07,Ipswich Town FC,Leicester City FC,1,1
2026-03-07,Sheffield United FC,West Bromwich Albion FC,1,1
2026-03-07,Swansea City AFC,Stoke City FC,2,0
2026-03-08,Queens Park Rangers FC,Middlesbrough FC,0,4
2026-03-10,Leicester City FC,Bristol City FC,2,0
2026-03-10,Millwall FC,Derby County FC,1,0
2026-03-10,Portsmouth FC,Swansea City AFC,1,2
2026-03-10,Sheffield Wednesday FC,Watford FC,1,1
2026-03-10,Wrexham AFC,Hull City AFC,1,2
2026-03-10,Stoke City FC,Ipswich Town FC,3,3
2026-03-11,Birmingham City FC,Queens Park Rangers FC,1,0
2026-03-11,Middlesbrough FC,Charlton Athletic FC,0,1
2026-03-11,Norwich City FC,Sheffield United FC,2,1
2026-03-11,Oxford United FC,Blackburn Rovers FC,1,0
2026-03-11,West Bromwich Albion FC,Southampton FC,1,1
2026-03-11,Coventry City FC,Preston North End FC,3,0
2026-03-13,Wrexham AFC,Swansea City AFC,2,0
2026-03-14,Coventry City FC,Southampton FC,1,2
2026-03-14,Middlesbrough FC,Bristol City FC,1,1
2026-03-14,Oxford United FC,Charlton Athletic FC,1,1
2026-03-14,Birmingham City FC,Sheffield United FC,1,1
2026-03-14,Leicester City FC,Queens Park Rangers FC,1,3
2026-03-14,Millwall FC,Blackburn Rovers FC,1,2
2026-03-14,Norwich City FC,Preston North End FC,2,0
2026-03-14,Sheffield Wednesday FC,Ipswich Town FC,0,2
2026-03-14,Stoke City FC,Watford FC,3,1
2026-03-14,West Bromwich Albion FC,Hull City AFC,3,0
2026-03-16,Portsmouth FC,Derby County FC,0,1
2026-03-17,Watford FC,Wrexham AFC,3,1
2026-03-18,Southampton FC,Norwich City FC,1,0
2026-03-20,Preston North End FC,Stoke City FC,3,1
2026-03-21,Blackburn Rovers FC,Middlesbrough FC,0,0
2026-03-21,Derby County FC,Birmingham City FC,1,0
2026-03-21,Ipswich Town FC,Millwall FC,1,1
2026-03-21,Bristol City FC,West Bromwich Albion FC,0,1
2026-03-21,Charlton Athletic FC,Norwich City FC,0,1
2026-03-21,Hull City AFC,Sheffield Wednesday FC,3,1
2026-03-21,Queens Park Rangers FC,Portsmouth FC,6,1
2026-03-21,Sheffield United FC,Wrexham AFC,1,2
2026-03-21,Southampton FC,Oxford United FC,2,0
2026-03-21,Watford FC,Leicester City FC,0,0
2026-03-21,Swansea City AFC,Coventry City FC,0,3
2026-04-03,Middlesbrough FC,Millwall FC,1,2
2026-04-03,Birmingham City FC,Blackburn Rovers FC,0,1
2026-04-03,Charlton Athletic FC,Bristol City FC,1,2
2026-04-03,Leicester City FC,Preston North End FC,2,2
2026-04-03,Norwich City FC,Portsmouth FC,1,1
2026-04-03,Oxford United FC,Hull City AFC,1,1
2026-04-03,Queens Park Rangers FC,Watford FC,2,1
2026-04-03,Sheffield United FC,Swansea City AFC,3,3
2026-04-03,Stoke City FC,Sheffield Wednesday FC,2,0
2026-04-03,West Bromwich Albion FC,Wrexham AFC,2,2
2026-04-03,Coventry City FC,Derby County FC,3,2
2026-04-06,Portsmouth FC,Oxford United FC,2,2
2026-04-06,Millwall FC,Norwich City FC,1,2
2026-04-06,Blackburn Rovers FC,West Bromwich Albion FC,0,0
2026-04-06,Bristol City FC,Sheffield United FC,1,0
2026-04-06,Derby County FC,Stoke City FC,2,0
2026-04-06,Ipswich Town FC,Birmingham City FC,2,1
2026-04-06,Preston North End FC,Queens Park Rangers FC,1,1
2026-04-06,Sheffield Wednesday FC,Leicester City FC,1,1
2026-04-06,Watford FC,Charlton Athletic FC,1,1
2026-04-06,Swansea City AFC,Middlesbrough FC,2,2
2026-04-06,Hull City AFC,Coventry City FC,0,0
2026-04-07,Wrexham AFC,Southampton FC,1,5
2026-04-10,West Bromwich Albion FC,Millwall FC,0,0
2026-04-11,Coventry City FC,Sheffield Wednesday FC,0,0
2026-04-11,Norwich City FC,Ipswich Town FC,0,2
2026-04-11,Queens Park Rangers FC,Bristol City FC,0,0
2026-04-11,Charlton Athletic FC,Preston North End FC,1,2
2026-04-11,Leicester City FC,Swansea City AFC,0,1
2026-04-11,Middlesbrough FC,Portsmouth FC,0,1
2026-04-11,Oxford United FC,Watford FC,2,0
2026-04-11,Sheffield United FC,Hull City AFC,2,1
2026-04-11,Southampton FC,Derby County FC,2,1
2026-04-11,Stoke City FC,Blackburn Rovers FC,1,1
2026-04-12,Birmingham City FC,Wrexham AFC,2,0
2026-04-14,Portsmouth FC,Ipswich Town FC,2,0
2026-04-14,Southampton FC,Blackburn Rovers FC,3,0
2026-04-17,Blackburn Rovers FC,Coventry City FC,1,1
2026-04-18,Derby County FC,Oxford United FC,1,0
2026-04-18,Millwall FC,Queens Park Rangers FC,2,0
2026-04-18,Portsmouth FC,Leicester City FC,1,0
2026-04-18,Bristol City FC,Norwich City FC,2,4
2026-04-18,Hull City AFC,Birmingham City FC,1,1
2026-04-18,Preston North End FC,West Bromwich Albion FC,0,2
2026-04-18,Sheffield Wednesday FC,Charlton Athletic FC,1,1
2026-04-18,Swansea City AFC,Southampton FC,1,2
2026-04-18,Watford FC,Sheffield United FC,0,2
2026-04-18,Wrexham AFC,Stoke City FC,2,0
2026-04-19,Ipswich Town FC,Middlesbrough FC,2,2
2026-04-21,Coventry City FC,Portsmouth FC,5,1
2026-04-21,Leicester City FC,Hull City AFC,2,2
2026-04-21,Norwich City FC,Derby County FC,2,1
2026-04-21,Oxford United FC,Wrexham AFC,0,1
2026-04-21,Queens Park Rangers FC,Swansea City AFC,1,2
2026-04-21,Southampton FC,Bristol City FC,2,2
2026-04-21,Stoke City FC,Millwall FC,1,3
2026-04-21,West Bromwich Albion FC,Watford FC,3,0
2026-04-22,Birmingham City FC,Preston North End FC,2,1
2026-04-22,Charlton Athletic FC,Ipswich Town FC,1,2
2026-04-22,Middlesbrough FC,Sheffield Wednesday FC,1,0
2026-04-22,Sheffield United FC,Blackburn Rovers FC,1,3
2026-04-24,Leicester City FC,Millwall FC,1,1
2026-04-25,Charlton Athletic FC,Hull City AFC,2,1
2026-04-25,Middlesbrough FC,Watford FC,5,1
2026-04-25,West Bromwich Albion FC,Ipswich Town FC,0,0
2026-04-25,Birmingham City FC,Bristol City FC,2,1
2026-04-25,Norwich City FC,Swansea City AFC,1,1
2026-04-25,Oxford United FC,Sheffield Wednesday FC,4,1
2026-04-25,Queens Park Rangers FC,Derby County FC,2,3
2026-04-25,Sheffield United FC,Preston North End FC,2,3
2026-04-25,Stoke City FC,Portsmouth FC,1,3
2026-04-26,Coventry City FC,Wrexham AFC,3,1
2026-04-28,Southampton FC,Ipswich Town FC,2,2
2026-05-02,Blackburn Rovers FC,Leicester City FC,0,1
2026-05-02,Bristol City FC,Stoke City FC,2,0
2026-05-02,Derby County FC,Sheffield United FC,1,2
2026-05-02,Hull City AFC,Norwich City FC,2,1
2026-05-02,Ipswich Town FC,Queens Park Rangers FC,3,0
2026-05-02,Millwall FC,Oxford United FC,2,0
2026-05-02,Portsmouth FC,Birmingham City FC,1,1
2026-05-02,Preston North End FC,Southampton FC,1,3
2026-05-02,Sheffield Wednesday FC,West Bromwich Albion FC,2,1
2026-05-02,Swansea City AFC,Charlton Athletic FC,3,1
2026-05-02,Watford FC,Coventry City FC,0,4
2026-05-02,Wrexham AFC,Middlesbrough FC,2,2
