2025-02-22,Los Angeles FC,Minnesota United,1,0
2025-02-23,Atlanta Utd,CF Montreal,3,2
2025-02-23,Austin FC,Sporting Kansas City,1,0
2025-02-23,Columbus Crew,Chicago Fire,4,2
2025-02-23,DC United,Toronto FC,2,2
2025-02-23,FC Cincinnati,New York Red Bulls,1,0
2025-02-23,Houston Dynamo,FC Dallas,1,2
2025-02-23,Inter Miami,New York City,2,2
2025-02-23,Nashville SC,New England Revolution,0,0
2025-02-23,Orlando City,Philadelphia Union,2,4
2025-02-23,Portland Timbers,Vancouver Whitecaps,1,4
2025-02-23,San Jose Earthquakes,Real Salt Lake,4,0
2025-02-23,Seattle Sounders,Charlotte,2,2
2025-02-23,St. Louis City,Colorado Rapids,0,0
2025-02-24,Los Angeles Galaxy,San Diego FC,0,2
2025-03-01,Charlotte,Atlanta Utd,2,0
2025-03-01,Real Salt Lake,Seattle Sounders,2,0
2025-03-02,Chicago Fire,DC United,2,2
2025-03-02,Colorado Rapids,FC Dallas,3,3
2025-03-02,Los Angeles FC,New York City,1,0
2025-03-02,Minnesota United,CF Montreal,1,0
2025-03-02,New England Revolution,Columbus Crew,0,1
2025-03-02,New York Red Bulls,Nashville SC,2,0
2025-03-02,Orlando City,Toronto FC,4,2
2025-03-02,Philadelphia Union,FC Cincinnati,4,1
2025-03-02,Portland Timbers,Austin FC,1,0
2025-03-02,San Diego FC,St. Louis City,0,0
2025-03-02,Sporting Kansas City,San Jose Earthquakes,1,2
2025-03-02,Vancouver Whitecaps,Los Angeles Galaxy,2,1
2025-03-03,Houston Dynamo,Inter Miami,1,4
2025-03-08,Columbus Crew,Houston Dynamo,0,0
2025-03-08,Seattle Sounders,Los Angeles FC,5,2
2025-03-09,Atlanta Utd,New York Red Bulls,0,0
2025-03-09,Austin FC,Colorado Rapids,0,1
2025-03-09,DC United,Sporting Kansas City,2,1
2025-03-09,FC Cincinnati,Toronto FC,2,0
2025-03-09,FC Dallas,Chicago Fire,1,3
2025-03-09,Inter Miami,Charlotte,1,0
2025-03-09,Los Angeles Galaxy,St. Louis City,0,3
2025-03-09,Nashville SC,Portland Timbers,2,0
2025-03-09,New England Revolution,Philadelphia Union,0,2
2025-03-09,New York City,Orlando City,2,1
2025-03-09,Real Salt Lake,San Diego FC,1,3
2025-03-09,San Jose Earthquakes,Minnesota United,0,1
2025-03-09,Vancouver Whitecaps,CF Montreal,2,0
2025-03-15,Charlotte,FC Cincinnati,2,0
2025-03-15,DC United,CF Montreal,0,0
2025-03-15,Los Angeles FC,Austin FC,0,1
2025-03-15,New York City,New England Revolution,2,1
2025-03-15,New York Red Bulls,Orlando City,2,2
2025-03-15,Toronto FC,Chicago Fire,1,2
2025-03-16,Atlanta Utd,Inter Miami,1,2
2025-03-16,FC Dallas,Vancouver Whitecaps,0,1
2025-03-16,Houston Dynamo,Real Salt Lake,1,2
2025-03-16,Philadelphia Union,Nashville SC,1,3
2025-03-16,Portland Timbers,Los Angeles Galaxy,1,1
2025-03-16,San Diego FC,Columbus Crew,1,1
2025-03-16,San Jose Earthquakes,Colorado Rapids,1,2
2025-03-16,Sporting Kansas City,Minnesota United,3,3
2025-03-16,St. Louis City,Seattle Sounders,1,0
2025-03-22,Charlotte,San Jose Earthquakes,4,1
2025-03-22,Columbus Crew,New York City,0,0
2025-03-22,FC Cincinnati,Atlanta Utd,2,2
2025-03-22,Minnesota United,Los Angeles Galaxy,2,2
2025-03-22,New York Red Bulls,Toronto FC,2,1
2025-03-22,Orlando City,DC United,4,1
2025-03-22,Philadelphia Union,St. Louis City,1,0
2025-03-23,Austin FC,San Diego FC,2,1
2025-03-23,Colorado Rapids,Portland Timbers,0,3
2025-03-23,Nashville SC,CF Montreal,3,0
2025-03-23,Real Salt Lake,FC Dallas,0,1
2025-03-23,Seattle Sounders,Houston Dynamo,0,0
2025-03-23,Sporting Kansas City,Los Angeles FC,0,2
2025-03-23,Vancouver Whitecaps,Chicago Fire,1,3
2025-03-29,Atlanta Utd,New York City,4,3
2025-03-29,Colorado Rapids,Charlotte,2,0
2025-03-29,DC United,Columbus Crew,1,2
2025-03-29,Inter Miami,Philadelphia Union,2,1
2025-03-29,New England Revolution,New York Red Bulls,2,1
2025-03-29,Toronto FC,Vancouver Whitecaps,0,0
2025-03-30,Chicago Fire,CF Montreal,1,1
2025-03-30,FC Dallas,Sporting Kansas City,2,1
2025-03-30,Los Angeles Galaxy,Orlando City,1,2
2025-03-30,Minnesota United,Real Salt Lake,2,0
2025-03-30,Nashville SC,FC Cincinnati,1,2
2025-03-30,San Diego FC,Los Angeles FC,3,2
2025-03-30,San Jose Earthquakes,Seattle Sounders,1,1
2025-03-30,St. Louis City,Austin FC,0,1
2025-03-31,Portland Timbers,Houston Dynamo,3,1
2025-04-05,Charlotte,Nashville SC,2,1
2025-04-05,Real Salt Lake,Los Angeles Galaxy,2,0
2025-04-06,Atlanta Utd,FC Dallas,1,1
2025-04-06,Austin FC,Portland Timbers,0,0
2025-04-06,Columbus Crew,CF Montreal,2,1
2025-04-06,FC Cincinnati,New England Revolution,1,0
2025-04-06,Houston Dynamo,Los Angeles FC,1,0
2025-04-06,New York City,Minnesota United,1,2
2025-04-06,New York Red Bulls,Chicago Fire,2,1
2025-04-06,Philadelphia Union,Orlando City,0,0
2025-04-06,San Diego FC,Seattle Sounders,3,0
2025-04-06,San Jose Earthquakes,DC United,6,1
2025-04-06,Sporting Kansas City,St. Louis City,2,0
2025-04-06,Vancouver Whitecaps,Colorado Rapids,2,0
2025-04-07,Inter Miami,Toronto FC,1,1
2025-04-12,Atlanta Utd,New England Revolution,0,1
2025-04-12,Orlando City,New York Red Bulls,0,0
2025-04-12,Toronto FC,Minnesota United,0,0
2025-04-13,CF Montreal,Charlotte,0,1
2025-04-13,Chicago Fire,Inter Miami,0,0
2025-04-13,Colorado Rapids,San Diego FC,3,2
2025-04-13,DC United,FC Cincinnati,0,1
2025-04-13,FC Dallas,Seattle Sounders,0,1
2025-04-13,Los Angeles FC,San Jose Earthquakes,2,1
2025-04-13,Los Angeles Galaxy,Houston Dynamo,1,1
2025-04-13,Nashville SC,Real Salt Lake,2,1
2025-04-13,New York City,Philadelphia Union,1,0
2025-04-13,Sporting Kansas City,Portland Timbers,2,4
2025-04-13,Vancouver Whitecaps,Austin FC,5,1
2025-04-14,St. Louis City,Columbus Crew,1,2
2025-04-19,Austin FC,Los Angeles Galaxy,1,0
2025-04-19,Columbus Crew,Inter Miami,0,1
2025-04-20,CF Montreal,Orlando City,0,0
2025-04-20,Charlotte,San Diego FC,3,0
2025-04-20,Chicago Fire,FC Cincinnati,2,3
2025-04-20,Houston Dynamo,Colorado Rapids,2,2
2025-04-20,Minnesota United,FC Dallas,0,0
2025-04-20,New England Revolution,New York City,2,0
2025-04-20,New York Red Bulls,DC United,1,2
2025-04-20,Philadelphia Union,Atlanta Utd,3,0
2025-04-20,Portland Timbers,Los Angeles FC,3,3
2025-04-20,Real Salt Lake,Toronto FC,0,1
2025-04-20,San Jose Earthquakes,Sporting Kansas City,3,5
2025-04-20,Seattle Sounders,Nashville SC,3,0
2025-04-20,St. Louis City,Vancouver Whitecaps,0,0
2025-04-26,FC Cincinnati,Sporting Kansas City,2,1
2025-04-26,New York Red Bulls,CF Montreal,1,0
2025-04-26,Philadelphia Union,DC United,3,0
2025-04-26,Toronto FC,New York City,0,1
2025-04-27,Charlotte,New England Revolution,0,1
2025-04-27,Colorado Rapids,Seattle Sounders,1,1
2025-04-27,Columbus Crew,San Jose Earthquakes,2,1
2025-04-27,Houston Dynamo,Austin FC,2,0
2025-04-27,Inter Miami,FC Dallas,3,4
2025-04-27,Minnesota United,Vancouver Whitecaps,1,3
2025-04-27,Nashville SC,Chicago Fire,7,2
2025-04-27,Orlando City,Atlanta Utd,3,0
2025-04-27,San Diego FC,Real Salt Lake,1,3
2025-04-28,Los Angeles FC,St. Louis City,2,2
2025-04-28,Los Angeles Galaxy,Portland Timbers,2,4
2025-05-03,Atlanta Utd,Nashville SC,1,1
2025-05-03,Toronto FC,New England Revolution,0,2
2025-05-04,Austin FC,Minnesota United,0,3
2025-05-04,CF Montreal,Philadelphia Union,1,2
2025-05-04,Chicago Fire,Orlando City,0,0
2025-05-04,Columbus Crew,Charlotte,4,2
2025-05-04,DC United,Colorado Rapids,2,1
2025-05-04,Inter Miami,New York Red Bulls,4,1
2025-05-04,Los Angeles FC,Houston Dynamo,2,0
2025-05-04,New York City,FC Cincinnati,1,0
2025-05-04,San Diego FC,FC Dallas,5,0
2025-05-04,San Jose Earthquakes,Portland Timbers,4,1
2025-05-04,Seattle Sounders,St. Louis City,4,1
2025-05-04,Vancouver Whitecaps,Real Salt Lake,2,1
2025-05-05,Sporting Kansas City,Los Angeles Galaxy,1,0
2025-05-10,Chicago Fire,Atlanta Utd,2,1
2025-05-10,Minnesota United,Inter Miami,4,1
2025-05-10,Toronto FC,DC United,2,0
2025-05-11,Colorado Rapids,San Jose Earthquakes,0,2
2025-05-11,FC Cincinnati,Austin FC,2,1
2025-05-11,FC Dallas,Real Salt Lake,1,1
2025-05-11,Houston Dynamo,Seattle Sounders,1,3
2025-05-11,Nashville SC,Charlotte,2,1
2025-05-11,New York City,CF Montreal,0,1
2025-05-11,New York Red Bulls,Los Angeles Galaxy,7,0
2025-05-11,Orlando City,New England Revolution,3,3
2025-05-11,Philadelphia Union,Columbus Crew,2,2
2025-05-11,Portland Timbers,Sporting Kansas City,1,0
2025-05-11,St. Louis City,San Diego FC,1,2
2025-05-12,Vancouver Whitecaps,Los Angeles FC,2,2
2025-05-15,Austin FC,Atlanta Utd,1,1
2025-05-15,CF Montreal,Columbus Crew,1,1
2025-05-15,DC United,New York City,0,0
2025-05-15,Houston Dynamo,Minnesota United,2,0
2025-05-15,Los Angeles FC,Seattle Sounders,4,0
2025-05-15,Nashville SC,New York Red Bulls,2,1
2025-05-15,Orlando City,Charlotte,3,1
2025-05-15,Philadelphia Union,Los Angeles Galaxy,3,2
2025-05-15,Real Salt Lake,Portland Timbers,0,0
2025-05-15,San Diego FC,Colorado Rapids,2,0
2025-05-15,San Jose Earthquakes,Inter Miami,3,3
2025-05-15,St. Louis City,Sporting Kansas City,2,2
2025-05-15,Toronto FC,FC Cincinnati,0,1
2025-05-17,CF Montreal,Toronto FC,1,6
2025-05-17,New York City,New York Red Bulls,2,0
2025-05-18,Atlanta Utd,Philadelphia Union,0,1
2025-05-18,Austin FC,Vancouver Whitecaps,0,0
2025-05-18,Charlotte,Chicago Fire,1,4
2025-05-18,Colorado Rapids,Real Salt Lake,1,0
2025-05-18,Columbus Crew,FC Cincinnati,1,1
2025-05-18,FC Dallas,Houston Dynamo,0,2
2025-05-18,Minnesota United,St. Louis City,3,0
2025-05-18,Nashville SC,DC United,0,0
2025-05-18,New England Revolution,San Jose Earthquakes,0,0
2025-05-18,Portland Timbers,Seattle Sounders,1,1
2025-05-18,San Diego FC,Sporting Kansas City,0,0
2025-05-19,Inter Miami,Orlando City,0,3
2025-05-19,Los Angeles Galaxy,Los Angeles FC,2,2
2025-05-24,San Diego FC,Los Angeles Galaxy,2,1
2025-05-24,Seattle Sounders,FC Dallas,1,0
2025-05-25,CF Montreal,Los Angeles FC,2,2
2025-05-25,Charlotte,Columbus Crew,3,2
2025-05-25,Colorado Rapids,St. Louis City,1,0
2025-05-25,DC United,New York Red Bulls,0,2
2025-05-25,Minnesota United,Austin FC,1,1
2025-05-25,New York City,Chicago Fire,3,1
2025-05-25,Orlando City,Portland Timbers,1,0
2025-05-25,Philadelphia Union,Inter Miami,3,3
2025-05-25,Real Salt Lake,Vancouver Whitecaps,2,3
2025-05-25,San Jose Earthquakes,Houston Dynamo,3,3
2025-05-25,Sporting Kansas City,New England Revolution,3,3
2025-05-25,Toronto FC,Nashville SC,1,2
2025-05-26,Atlanta Utd,FC Cincinnati,4,2
2025-05-29,Atlanta Utd,Orlando City,3,2
2025-05-29,Austin FC,Real Salt Lake,1,1
2025-05-29,Columbus Crew,Nashville SC,2,2
2025-05-29,DC United,New England Revolution,1,1
2025-05-29,FC Cincinnati,FC Dallas,3,3
2025-05-29,Inter Miami,CF Montreal,4,2
2025-05-29,Los Angeles Galaxy,San Jose Earthquakes,0,1
2025-05-29,New York City,Houston Dynamo,0,3
2025-05-29,New York Red Bulls,Charlotte,4,2
2025-05-29,Portland Timbers,Colorado Rapids,2,1
2025-05-29,Seattle Sounders,San Diego FC,1,0
2025-05-29,Toronto FC,Philadelphia Union,1,2
2025-05-29,Vancouver Whitecaps,Minnesota United,0,0
2025-05-31,Nashville SC,New York City,2,2
2025-05-31,St. Louis City,San Jose Earthquakes,2,1
2025-06-01,CF Montreal,New England Revolution,0,3
2025-06-01,FC Cincinnati,DC United,1,2
2025-06-01,FC Dallas,Philadelphia Union,0,0
2025-06-01,Houston Dynamo,Sporting Kansas City,1,3
2025-06-01,Inter Miami,Columbus Crew,5,1
2025-06-01,Los Angeles Galaxy,Real Salt Lake,2,0
2025-06-01,New York Red Bulls,Atlanta Utd,2,0
2025-06-01,Orlando City,Chicago Fire,1,3
2025-06-01,San Diego FC,Austin FC,2,0
2025-06-01,Seattle Sounders,Minnesota United,2,3
2025-06-01,Toronto FC,Charlotte,0,2
2025-06-08,Colorado Rapids,Austin FC,0,2
2025-06-08,DC United,Chicago Fire,1,7
2025-06-09,Los Angeles FC,Sporting Kansas City,3,1
2025-06-09,Portland Timbers,St. Louis City,2,1
2025-06-09,Vancouver Whitecaps,Seattle Sounders,3,0
2025-06-13,New York City,Atlanta Utd,4,0
2025-06-14,Portland Timbers,San Jose Earthquakes,1,1
2025-06-14,St. Louis City,Los Angeles Galaxy,3,3
2025-06-15,Austin FC,New York Red Bulls,2,1
2025-06-15,Chicago Fire,Nashville SC,0,2
2025-06-15,Colorado Rapids,Orlando City,0,1
2025-06-15,Columbus Crew,Vancouver Whitecaps,2,1
2025-06-15,Houston Dynamo,CF Montreal,1,3
2025-06-15,Minnesota United,San Diego FC,2,4
2025-06-15,New England Revolution,FC Cincinnati,0,1
2025-06-15,Philadelphia Union,Charlotte,2,1
2025-06-15,Real Salt Lake,DC United,2,0
2025-06-15,Sporting Kansas City,FC Dallas,2,4
2025-06-26,CF Montreal,FC Cincinnati,1,3
2025-06-26,Chicago Fire,Philadelphia Union,0,1
2025-06-26,Colorado Rapids,Los Angeles Galaxy,2,0
2025-06-26,Columbus Crew,Atlanta Utd,3,1
2025-06-26,FC Dallas,San Jose Earthquakes,2,4
2025-06-26,Minnesota United,Houston Dynamo,3,1
2025-06-26,New England Revolution,Nashville SC,2,3
2025-06-26,Sporting Kansas City,Charlotte,2,1
2025-06-26,St. Louis City,Orlando City,2,4
2025-06-26,Toronto FC,New York Red Bulls,1,1
2025-06-26,Vancouver Whitecaps,San Diego FC,3,5
2025-06-29,CF Montreal,New York City,1,0
2025-06-29,Chicago Fire,Charlotte,3,2
2025-06-29,Columbus Crew,Philadelphia Union,1,0
2025-06-29,DC United,Nashville SC,0,1
2025-06-29,FC Dallas,San Diego FC,2,3
2025-06-29,Houston Dynamo,St. Louis City,1,0
2025-06-29,New England Revolution,Colorado Rapids,3,3
2025-06-29,New York Red Bulls,Minnesota United,2,2
2025-06-29,Orlando City,FC Cincinnati,1,2
2025-06-29,San Jose Earthquakes,Los Angeles Galaxy,1,1
2025-06-29,Seattle Sounders,Austin FC,2,0
2025-06-29,Sporting Kansas City,Real Salt Lake,1,1
2025-06-29,Toronto FC,Portland Timbers,3,0
2025-06-30,Los Angeles FC,Vancouver Whitecaps,0,1
2025-07-04,New York City,Toronto FC,3,1
2025-07-05,Colorado Rapids,Sporting Kansas City,1,2
2025-07-05,FC Dallas,Minnesota United,1,2
2025-07-05,Los Angeles Galaxy,Vancouver Whitecaps,3,0
2025-07-06,CF Montreal,Inter Miami,1,4
2025-07-06,Charlotte,Orlando City,2,2
2025-07-06,DC United,Atlanta Utd,0,0
2025-07-06,FC Cincinnati,Chicago Fire,2,1
2025-07-06,Nashville SC,Philadelphia Union,1,0
2025-07-06,Portland Timbers,New England Revolution,2,1
2025-07-06,Real Salt Lake,St. Louis City,3,2
2025-07-06,San Diego FC,Houston Dynamo,3,4
2025-07-06,San Jose Earthquakes,New York Red Bulls,1,1
2025-07-06,Seattle Sounders,Columbus Crew,1,1
2025-07-10,Los Angeles FC,Colorado Rapids,3,0
2025-07-10,New England Revolution,Inter Miami,1,2
2025-07-13,Austin FC,New England Revolution,0,0
2025-07-13,Charlotte,New York City,2,0
2025-07-13,Chicago Fire,San Diego FC,1,2
2025-07-13,Colorado Rapids,Vancouver Whitecaps,3,0
2025-07-13,FC Cincinnati,Columbus Crew,2,4
2025-07-13,Inter Miami,Nashville SC,2,1
2025-07-13,Los Angeles FC,FC Dallas,2,0
2025-07-13,Los Angeles Galaxy,DC United,2,1
2025-07-13,Minnesota United,San Jose Earthquakes,4,1
2025-07-13,Orlando City,CF Montreal,1,1
2025-07-13,Philadelphia Union,New York Red Bulls,2,0
2025-07-13,Real Salt Lake,Houston Dynamo,1,0
2025-07-13,Sporting Kansas City,Seattle Sounders,2,3
2025-07-13,Toronto FC,Atlanta Utd,1,1
2025-07-14,St. Louis City,Portland Timbers,2,1
2025-07-17,Atlanta Utd,Chicago Fire,2,2
2025-07-17,Charlotte,DC United,2,1
2025-07-17,FC Cincinnati,Inter Miami,3,0
2025-07-17,Houston Dynamo,Vancouver Whitecaps,0,3
2025-07-17,Los Angeles Galaxy,Austin FC,1,2
2025-07-17,Minnesota United,Los Angeles FC,0,1
2025-07-17,Nashville SC,Columbus Crew,3,0
2025-07-17,New York Red Bulls,New England Revolution,5,3
2025-07-17,Orlando City,New York City,1,2
2025-07-17,Philadelphia Union,CF Montreal,2,1
2025-07-17,Portland Timbers,Real Salt Lake,0,1
2025-07-17,San Diego FC,Toronto FC,0,1
2025-07-17,San Jose Earthquakes,FC Dallas,2,2
2025-07-17,Seattle Sounders,Colorado Rapids,3,3
2025-07-20,Atlanta Utd,Charlotte,2,3
2025-07-20,CF Montreal,Chicago Fire,0,2
2025-07-20,Columbus Crew,DC United,2,1
2025-07-20,FC Dallas,St. Louis City,3,0
2025-07-20,Houston Dynamo,Philadelphia Union,1,1
2025-07-20,Los Angeles FC,Los Angeles Galaxy,3,3
2025-07-20,Nashville SC,Toronto FC,1,0
2025-07-20,New England Revolution,Orlando City,1,2
2025-07-20,New York Red Bulls,Inter Miami,1,5
2025-07-20,Portland Timbers,Minnesota United,1,1
2025-07-20,Real Salt Lake,FC Cincinnati,0,1
2025-07-20,San Diego FC,Vancouver Whitecaps,1,1
2025-07-20,Seattle Sounders,San Jose Earthquakes,3,2
2025-07-20,Sporting Kansas City,New York City,1,1
2025-07-26,Columbus Crew,Orlando City,1,3
2025-07-26,FC Dallas,New York City,3,4
2025-07-26,Los Angeles FC,Portland Timbers,0,1
2025-07-26,New England Revolution,CF Montreal,1,3
2025-07-26,San Diego FC,Nashville SC,1,0
2025-07-27,Atlanta Utd,Seattle Sounders,2,2
2025-07-27,Charlotte,Toronto FC,2,0
2025-07-27,Chicago Fire,New York Red Bulls,1,0
2025-07-27,DC United,Austin FC,2,4
2025-07-27,Inter Miami,FC Cincinnati,0,0
2025-07-27,Philadelphia Union,Colorado Rapids,3,1
2025-07-27,Real Salt Lake,San Jose Earthquakes,2,1
2025-07-27,St. Louis City,Minnesota United,1,2
2025-07-27,Vancouver Whitecaps,Sporting Kansas City,3,0
2025-08-10,Austin FC,Houston Dynamo,2,2
2025-08-10,CF Montreal,Atlanta Utd,1,1
2025-08-10,Chicago Fire,Los Angeles FC,2,2
2025-08-10,FC Cincinnati,Charlotte,0,1
2025-08-10,FC Dallas,Portland Timbers,2,0
2025-08-10,Minnesota United,Colorado Rapids,1,2
2025-08-10,New England Revolution,DC United,2,0
2025-08-10,New York Red Bulls,Real Salt Lake,2,1
2025-08-10,Philadelphia Union,Toronto FC,1,1
2025-08-10,San Jose Earthquakes,Vancouver Whitecaps,2,1
2025-08-10,Sporting Kansas City,San Diego FC,0,2
2025-08-10,St. Louis City,Nashville SC,3,1
2025-08-11,Los Angeles Galaxy,Seattle Sounders,0,4
2025-08-11,Orlando City,Inter Miami,4,1
2025-08-17,Austin FC,FC Dallas,1,1
2025-08-17,CF Montreal,DC United,1,1
2025-08-17,Charlotte,Real Salt Lake,1,0
2025-08-17,Chicago Fire,St. Louis City,3,2
2025-08-17,Colorado Rapids,Atlanta Utd,3,1
2025-08-17,Inter Miami,Los Angeles Galaxy,3,1
2025-08-17,Minnesota United,Seattle Sounders,1,0
2025-08-17,New England Revolution,Los Angeles FC,0,2
2025-08-17,New York City,Nashville SC,2,1
2025-08-17,New York Red Bulls,Philadelphia Union,1,0
2025-08-17,Orlando City,Sporting Kansas City,3,1
2025-08-17,Portland Timbers,FC Cincinnati,2,3
2025-08-17,Toronto FC,Columbus Crew,1,1
2025-08-18,San Jose Earthquakes,San Diego FC,1,2
2025-08-18,Vancouver Whitecaps,Houston Dynamo,1,1
2025-08-24,Atlanta Utd,Toronto FC,0,0
2025-08-24,CF Montreal,Austin FC,3,2
2025-08-24,Columbus Crew,New England Revolution,1,2
2025-08-24,DC United,Inter Miami,1,1
2025-08-24,FC Cincinnati,New York City,0,1
2025-08-24,FC Dallas,Los Angeles FC,1,1
2025-08-24,Houston Dynamo,San Jose Earthquakes,1,2
2025-08-24,Los Angeles Galaxy,Colorado Rapids,3,0
2025-08-24,Nashville SC,Orlando City,5,1
2025-08-24,Philadelphia Union,Chicago Fire,4,0
2025-08-24,Real Salt Lake,Minnesota United,1,3
2025-08-24,San Diego FC,Portland Timbers,0,0
2025-08-24,Vancouver Whitecaps,St. Louis City,3,2
2025-08-25,Charlotte,New York Red Bulls,1,0
2025-08-25,Seattle Sounders,Sporting Kansas City,5,2
2025-08-31,Austin FC,San Jose Earthquakes,3,1
2025-08-31,FC Cincinnati,Philadelphia Union,0,1
2025-08-31,Minnesota United,Portland Timbers,1,1
2025-08-31,Nashville SC,Atlanta Utd,0,1
2025-08-31,New England Revolution,Charlotte,1,2
2025-08-31,New York City,DC United,1,2
2025-08-31,New York Red Bulls,Columbus Crew,0,0
2025-08-31,Sporting Kansas City,Colorado Rapids,4,2
2025-08-31,St. Louis City,Houston Dynamo,2,3
2025-08-31,Toronto FC,CF Montreal,1,1
2025-09-01,Los Angeles FC,San Diego FC,1,2
2025-09-07,Chicago Fire,New England Revolution,3,2
2025-09-07,Houston Dynamo,Los Angeles Galaxy,1,1
2025-09-07,St. Louis City,FC Dallas,1,1
2025-09-08,Sporting Kansas City,Austin FC,1,2
2025-09-14,Atlanta Utd,Columbus Crew,4,5
2025-09-14,CF Montreal,St. Louis City,0,2
2025-09-14,Charlotte,Inter Miami,3,0
2025-09-14,Chicago Fire,New York City,1,3
2025-09-14,Colorado Rapids,Houston Dynamo,2,1
2025-09-14,DC United,Orlando City,1,1
2025-09-14,FC Cincinnati,Nashville SC,2,1
2025-09-14,FC Dallas,Austin FC,2,0
2025-09-14,New England Revolution,Toronto FC,1,1
2025-09-14,Portland Timbers,New York Red Bulls,2,1
2025-09-14,Real Salt Lake,Sporting Kansas City,2,1
2025-09-14,San Diego FC,Minnesota United,1,3
2025-09-14,San Jose Earthquakes,Los Angeles FC,2,4
2025-09-14,Seattle Sounders,Los Angeles Galaxy,2,2
2025-09-14,Vancouver Whitecaps,Philadelphia Union,7,0
2025-09-17,Inter Miami,Seattle Sounders,3,1
2025-09-18,New York City,Columbus Crew,3,2
2025-09-18,Real Salt Lake,Los Angeles FC,1,4
2025-09-20,Atlanta Utd,San Diego FC,1,1
2025-09-20,New York City,Charlotte,2,0
2025-09-20,Philadelphia Union,New England Revolution,1,0
2025-09-21,CF Montreal,New York Red Bulls,0,2
2025-09-21,Columbus Crew,Toronto FC,1,1
2025-09-21,FC Dallas,Colorado Rapids,3,1
2025-09-21,Houston Dynamo,Portland Timbers,1,0
2025-09-21,Inter Miami,DC United,3,2
2025-09-21,Los Angeles Galaxy,FC Cincinnati,2,3
2025-09-21,Minnesota United,Chicago Fire,0,3
2025-09-21,Orlando City,Nashville SC,3,2
2025-09-21,San Jose Earthquakes,St. Louis City,1,3
2025-09-21,Sporting Kansas City,Vancouver Whitecaps,0,2
2025-09-22,Austin FC,Seattle Sounders,2,1
2025-09-22,Los Angeles FC,Real Salt Lake,4,1
2025-09-25,New York City,Inter Miami,0,4
2025-09-25,Vancouver Whitecaps,Portland Timbers,1,1
2025-09-27,Toronto FC,Inter Miami,1,1
2025-09-28,Charlotte,CF Montreal,1,4
2025-09-28,Chicago Fire,Columbus Crew,2,0
2025-09-28,Colorado Rapids,Minnesota United,1,1
2025-09-28,DC United,Philadelphia Union,0,6
2025-09-28,Los Angeles Galaxy,Sporting Kansas City,4,1
2025-09-28,Nashville SC,Houston Dynamo,3,1
2025-09-28,New England Revolution,Atlanta Utd,2,0
2025-09-28,New York Red Bulls,New York City,2,3
2025-09-28,Portland Timbers,FC Dallas,2,2
2025-09-28,Real Salt Lake,Austin FC,3,1
2025-09-28,San Diego FC,San Jose Earthquakes,0,1
2025-09-28,Seattle Sounders,Vancouver Whitecaps,2,2
2025-09-28,St. Louis City,Los Angeles FC,0,3
2025-09-29,FC Cincinnati,Orlando City,1,1
2025-10-01,Inter Miami,Chicago Fire,3,5
2025-10-04,CF Montreal,Nashville SC,1,1
2025-10-04,DC United,Charlotte,0,1
2025-10-04,FC Dallas,Los Angeles Galaxy,2,1
2025-10-05,Austin FC,St. Louis City,1,3
2025-10-05,Chicago Fire,Toronto FC,2,2
2025-10-05,Houston Dynamo,San Diego FC,2,4
2025-10-05,Inter Miami,New England Revolution,4,1
2025-10-05,Minnesota United,Sporting Kansas City,3,0
2025-10-05,New York Red Bulls,FC Cincinnati,0,1
2025-10-05,Orlando City,Columbus Crew,1,1
2025-10-05,Philadelphia Union,New York City,1,0
2025-10-05,Real Salt Lake,Colorado Rapids,1,0
2025-10-05,Seattle Sounders,Portland Timbers,1,0
2025-10-05,Vancouver Whitecaps,San Jose Earthquakes,4,1
2025-10-06,Los Angeles FC,Atlanta Utd,1,0
2025-10-09,Los Angeles FC,Toronto FC,2,0
2025-10-12,Inter Miami,Atlanta Utd,4,0
2025-10-12,Los Angeles Galaxy,FC Dallas,2,1
2025-10-12,Orlando City,Vancouver Whitecaps,1,2
2025-10-12,Seattle Sounders,Real Salt Lake,1,0
2025-10-13,Austin FC,Los Angeles FC,1,0
2025-10-18,Atlanta Utd,DC United,1,1
2025-10-18,Charlotte,Philadelphia Union,2,0
2025-10-18,Columbus Crew,New York Red Bulls,3,1
2025-10-18,FC Cincinnati,CF Montreal,3,0
2025-10-18,Nashville SC,Inter Miami,2,5
2025-10-18,New England Revolution,Chicago Fire,2,2
2025-10-18,New York City,Seattle Sounders,1,2
2025-10-18,Toronto FC,Orlando City,4,2
2025-10-19,Colorado Rapids,Los Angeles FC,2,2
2025-10-19,Los Angeles Galaxy,Minnesota United,2,1
2025-10-19,Portland Timbers,San Diego FC,0,4
2025-10-19,San Jose Earthquakes,Austin FC,2,1
2025-10-19,Sporting Kansas City,Houston Dynamo,0,0
2025-10-19,St. Louis City,Real Salt Lake,2,2
2025-10-19,Vancouver Whitecaps,FC Dallas,1,2
2025-10-23,Chicago Fire,Orlando City,3,1
2025-10-23,Portland Timbers,Real Salt Lake,3,1
2025-10-25,Inter Miami,Nashville SC,3,1
2025-10-26,Philadelphia Union,Chicago Fire,2,2
2025-10-26,Vancouver Whitecaps,FC Dallas,3,0
2025-10-27,FC Cincinnati,Columbus Crew,1,0
2025-10-27,San Diego FC,Portland Timbers,2,1
2025-10-28,Charlotte,New York City,0,1
2025-10-28,Minnesota United,Seattle Sounders,0,0
2025-10-30,Los Angeles FC,Austin FC,2,1
2025-11-01,Chicago Fire,Philadelphia Union,0,3
2025-11-01,Nashville SC,Inter Miami,2,1
2025-11-01,New York City,Charlotte,0,0
2025-11-02,Columbus Crew,FC Cincinnati,4,0
2025-11-02,FC Dallas,Vancouver Whitecaps,1,1
2025-11-02,Portland Timbers,San Diego FC,2,2
2025-11-03,Austin FC,Los Angeles FC,1,4
2025-11-04,Seattle Sounders,Minnesota United,4,2
2025-11-08,Charlotte,New York City,1,3
2025-11-08,FC Cincinnati,Columbus Crew,2,1
2025-11-08,Minnesota United,Seattle Sounders,3,3
2025-11-09,Inter Miami,Nashville SC,4,0
2025-11-10,San Diego FC,Portland Timbers,4,0
2025-11-23,FC Cincinnati,Inter Miami,0,4
2025-11-23,Vancouver Whitecaps,Los Angeles FC,2,2
2025-11-24,Philadelphia Union,New York City,0,1
2025-11-25,San Diego FC,Minnesota United,1,0
2025-11-29,Inter Miami,New York City,5,1
2025-11-30,San Diego FC,Vancouver Whitecaps,1,3
2025-12-06,Inter Miami,Vancouver Whitecaps,3,1
