2025-03-29,Cruzeiro,Mirassol,2,1
2025-03-29,Fortaleza,Fluminense,2,0
2025-03-29,Gremio,Atletico-MG,2,1
2025-03-29,Juventude,Vitoria,2,0
2025-03-29,Sao Paulo,Sport Recife,0,0
2025-03-30,Flamengo RJ,Internacional,1,1
2025-03-30,Palmeiras,Botafogo RJ,0,0
2025-03-30,Vasco,Santos,2,1
2025-03-31,Bahia,Corinthians,1,1
2025-04-01,Bragantino,Ceara,2,2
2025-04-05,Ceara,Gremio,2,0
2025-04-05,Corinthians,Vasco,3,0
2025-04-06,Atletico-MG,Sao Paulo,0,0
2025-04-06,Botafogo RJ,Juventude,2,0
2025-04-06,Fluminense,Bragantino,2,1
2025-04-06,Internacional,Cruzeiro,3,0
2025-04-06,Mirassol,Fortaleza,1,1
2025-04-06,Sport Recife,Palmeiras,1,2
2025-04-06,Vitoria,Flamengo RJ,1,2
2025-04-07,Santos,Bahia,2,2
2025-04-12,Bragantino,Botafogo RJ,1,0
2025-04-12,Juventude,Ceara,2,1
2025-04-12,Palmeiras,Corinthians,2,0
2025-04-13,Bahia,Mirassol,1,1
2025-04-13,Fluminense,Santos,1,0
2025-04-13,Gremio,Flamengo RJ,0,2
2025-04-13,Sao Paulo,Cruzeiro,1,1
2025-04-13,Vasco,Sport Recife,3,1
2025-04-14,Atletico-MG,Vitoria,2,2
2025-04-14,Fortaleza,Internacional,0,0
2025-04-16,Botafogo RJ,Sao Paulo,2,2
2025-04-16,Ceara,Vasco,2,1
2025-04-16,Corinthians,Fluminense,0,2
2025-04-16,Internacional,Palmeiras,0,1
2025-04-16,Mirassol,Gremio,4,1
2025-04-16,Sport Recife,Bragantino,0,1
2025-04-17,Flamengo RJ,Juventude,6,0
2025-04-17,Santos,Atletico-MG,2,0
2025-04-17,Vitoria,Fortaleza,2,1
2025-04-18,Cruzeiro,Bahia,3,0
2025-04-19,Corinthians,Sport Recife,2,1
2025-04-19,Vasco,Flamengo RJ,0,0
2025-04-20,Atletico-MG,Botafogo RJ,1,0
2025-04-20,Fluminense,Vitoria,1,1
2025-04-20,Fortaleza,Palmeiras,1,2
2025-04-20,Gremio,Internacional,1,1
2025-04-20,Juventude,Mirassol,2,2
2025-04-20,Sao Paulo,Santos,2,1
2025-04-21,Bragantino,Cruzeiro,1,0
2025-04-22,Bahia,Ceara,1,0
2025-04-26,Ceara,Sao Paulo,1,1
2025-04-26,Internacional,Juventude,3,1
2025-04-26,Mirassol,Atletico-MG,2,2
2025-04-27,Botafogo RJ,Fluminense,2,0
2025-04-27,Cruzeiro,Vasco,1,0
2025-04-27,Flamengo RJ,Corinthians,4,0
2025-04-27,Palmeiras,Bahia,0,1
2025-04-27,Sport Recife,Fortaleza,0,0
2025-04-27,Vitoria,Gremio,1,1
2025-04-28,Santos,Bragantino,1,2
2025-05-03,Ceara,Vitoria,1,0
2025-05-03,Corinthians,Internacional,4,2
2025-05-03,Fluminense,Sport Recife,2,1
2025-05-03,Sao Paulo,Fortaleza,0,0
2025-05-04,Bahia,Botafogo RJ,1,0
2025-05-04,Cruzeiro,Flamengo RJ,2,1
2025-05-04,Gremio,Santos,1,0
2025-05-04,Vasco,Palmeiras,0,1
2025-05-05,Bragantino,Mirassol,1,0
2025-05-06,Juventude,Atletico-MG,0,1
2025-05-10,Fortaleza,Juventude,5,0
2025-05-10,Gremio,Bragantino,1,1
2025-05-10,Mirassol,Corinthians,2,1
2025-05-10,Vitoria,Vasco,2,1
2025-05-11,Atletico-MG,Fluminense,3,2
2025-05-11,Flamengo RJ,Bahia,1,0
2025-05-11,Palmeiras,Sao Paulo,1,0
2025-05-11,Sport Recife,Cruzeiro,0,4
2025-05-12,Botafogo RJ,Internacional,4,0
2025-05-13,Santos,Ceara,0,0
2025-05-17,Ceara,Sport Recife,2,0
2025-05-17,Vasco,Fortaleza,3,0
2025-05-18,Bahia,Vitoria,2,1
2025-05-18,Bragantino,Palmeiras,1,2
2025-05-18,Corinthians,Santos,1,0
2025-05-18,Flamengo RJ,Botafogo RJ,0,0
2025-05-18,Juventude,Fluminense,1,1
2025-05-18,Sao Paulo,Gremio,2,1
2025-05-19,Cruzeiro,Atletico-MG,0,0
2025-05-19,Internacional,Mirassol,1,1
2025-05-24,Fluminense,Vasco,2,1
2025-05-24,Sao Paulo,Mirassol,0,2
2025-05-25,Atletico-MG,Corinthians,0,0
2025-05-25,Gremio,Bahia,1,0
2025-05-25,Palmeiras,Flamengo RJ,0,2
2025-05-25,Sport Recife,Internacional,1,1
2025-05-25,Vitoria,Santos,0,1
2025-05-26,Fortaleza,Cruzeiro,0,2
2025-05-27,Bragantino,Juventude,1,0
2025-05-31,Bahia,Sao Paulo,2,1
2025-06-01,Ceara,Atletico-MG,0,1
2025-06-01,Corinthians,Vitoria,0,0
2025-06-01,Cruzeiro,Palmeiras,2,1
2025-06-01,Flamengo RJ,Fortaleza,5,0
2025-06-01,Juventude,Gremio,0,2
2025-06-01,Mirassol,Sport Recife,1,0
2025-06-01,Santos,Botafogo RJ,0,1
2025-06-01,Vasco,Bragantino,0,2
2025-06-02,Internacional,Fluminense,0,2
2025-06-05,Botafogo RJ,Ceara,3,2
2025-06-12,Bragantino,Bahia,0,3
2025-06-12,Fortaleza,Santos,2,3
2025-06-12,Vitoria,Cruzeiro,0,0
2025-06-13,Atletico-MG,Internacional,2,0
2025-06-13,Gremio,Corinthians,1,1
2025-06-13,Sao Paulo,Vasco,1,3
2025-07-12,Flamengo RJ,Sao Paulo,2,0
2025-07-12,Internacional,Vitoria,1,0
2025-07-12,Vasco,Botafogo RJ,0,2
2025-07-13,Bahia,Atletico-MG,2,1
2025-07-13,Corinthians,Bragantino,1,2
2025-07-14,Cruzeiro,Gremio,4,1
2025-07-14,Fortaleza,Ceara,0,1
2025-07-15,Juventude,Sport Recife,2,0
2025-07-16,Ceara,Corinthians,0,1
2025-07-16,Palmeiras,Mirassol,1,1
2025-07-17,Botafogo RJ,Vitoria,0,0
2025-07-17,Bragantino,Sao Paulo,2,2
2025-07-17,Fluminense,Cruzeiro,0,2
2025-07-17,Santos,Flamengo RJ,1,0
2025-07-19,Fortaleza,Bahia,1,1
2025-07-19,Mirassol,Santos,3,0
2025-07-19,Vasco,Gremio,1,1
2025-07-20,Cruzeiro,Juventude,4,0
2025-07-20,Flamengo RJ,Fluminense,1,0
2025-07-20,Internacional,Ceara,1,0
2025-07-20,Palmeiras,Atletico-MG,3,2
2025-07-20,Sao Paulo,Corinthians,2,0
2025-07-20,Sport Recife,Botafogo RJ,0,1
2025-07-20,Vitoria,Bragantino,1,0
2025-07-23,Ceara,Mirassol,0,2
2025-07-23,Corinthians,Cruzeiro,0,0
2025-07-23,Fluminense,Palmeiras,1,2
2025-07-24,Bragantino,Flamengo RJ,1,2
2025-07-24,Juventude,Sao Paulo,0,1
2025-07-24,Santos,Internacional,1,2
2025-07-24,Vitoria,Sport Recife,2,2
2025-07-26,Botafogo RJ,Corinthians,1,1
2025-07-26,Fortaleza,Bragantino,3,1
2025-07-26,Mirassol,Vitoria,1,1
2025-07-26,Sport Recife,Santos,2,2
2025-07-27,Bahia,Juventude,3,0
2025-07-27,Cruzeiro,Ceara,1,2
2025-07-27,Internacional,Vasco,1,1
2025-07-27,Palmeiras,Gremio,1,0
2025-07-27,Sao Paulo,Fluminense,3,1
2025-07-28,Flamengo RJ,Atletico-MG,1,0
2025-07-30,Gremio,Fortaleza,2,1
2025-08-02,Mirassol,Vasco,3,2
2025-08-02,Sport Recife,Bahia,0,0
2025-08-03,Atletico-MG,Bragantino,2,1
2025-08-03,Botafogo RJ,Cruzeiro,0,2
2025-08-03,Ceara,Flamengo RJ,1,1
2025-08-03,Corinthians,Fortaleza,1,1
2025-08-03,Fluminense,Gremio,1,0
2025-08-03,Vitoria,Palmeiras,2,2
2025-08-04,Internacional,Sao Paulo,1,2
2025-08-05,Santos,Juventude,3,1
2025-08-09,Bragantino,Internacional,1,3
2025-08-09,Flamengo RJ,Mirassol,2,1
2025-08-09,Sao Paulo,Vitoria,2,0
2025-08-10,Bahia,Fluminense,3,3
2025-08-10,Cruzeiro,Santos,1,2
2025-08-10,Fortaleza,Botafogo RJ,0,5
2025-08-10,Palmeiras,Ceara,2,1
2025-08-10,Vasco,Atletico-MG,1,1
2025-08-11,Gremio,Sport Recife,0,1
2025-08-12,Juventude,Corinthians,2,1
2025-08-16,Ceara,Bragantino,1,0
2025-08-16,Fluminense,Fortaleza,2,1
2025-08-16,Sport Recife,Sao Paulo,2,2
2025-08-16,Vitoria,Juventude,2,2
2025-08-17,Atletico-MG,Gremio,1,3
2025-08-17,Corinthians,Bahia,1,2
2025-08-17,Internacional,Flamengo RJ,1,3
2025-08-17,Santos,Vasco,0,6
2025-08-18,Botafogo RJ,Palmeiras,0,1
2025-08-19,Mirassol,Cruzeiro,1,1
2025-08-20,Juventude,Vasco,2,0
2025-08-23,Bragantino,Fluminense,4,2
2025-08-23,Cruzeiro,Internacional,2,1
2025-08-24,Bahia,Santos,2,0
2025-08-24,Fortaleza,Mirassol,0,1
2025-08-24,Gremio,Ceara,0,0
2025-08-24,Juventude,Botafogo RJ,1,3
2025-08-24,Vasco,Corinthians,2,3
2025-08-25,Palmeiras,Sport Recife,3,0
2025-08-25,Sao Paulo,Atletico-MG,2,0
2025-08-26,Flamengo RJ,Vitoria,8,0
2025-08-30,Botafogo RJ,Bragantino,4,1
2025-08-30,Ceara,Juventude,0,1
2025-08-31,Corinthians,Palmeiras,1,1
2025-08-31,Cruzeiro,Sao Paulo,1,0
2025-08-31,Flamengo RJ,Gremio,1,1
2025-08-31,Mirassol,Bahia,5,1
2025-08-31,Santos,Fluminense,0,0
2025-08-31,Vitoria,Atletico-MG,1,0
2025-09-01,Internacional,Fortaleza,2,1
2025-09-01,Sport Recife,Vasco,2,3
2025-09-13,Fortaleza,Vitoria,2,0
2025-09-13,Gremio,Mirassol,0,1
2025-09-13,Palmeiras,Internacional,4,1
2025-09-14,Atletico-MG,Santos,1,1
2025-09-14,Bragantino,Sport Recife,1,1
2025-09-14,Fluminense,Corinthians,0,1
2025-09-14,Juventude,Flamengo RJ,0,2
2025-09-14,Sao Paulo,Botafogo RJ,1,0
2025-09-15,Vasco,Ceara,2,2
2025-09-16,Bahia,Cruzeiro,1,2
2025-09-17,Botafogo RJ,Mirassol,3,3
2025-09-20,Botafogo RJ,Atletico-MG,1,0
2025-09-20,Ceara,Bahia,1,1
2025-09-20,Vitoria,Fluminense,0,1
2025-09-21,Flamengo RJ,Vasco,1,1
2025-09-21,Internacional,Gremio,2,3
2025-09-21,Mirassol,Juventude,2,0
2025-09-21,Palmeiras,Fortaleza,4,1
2025-09-21,Sport Recife,Corinthians,1,0
2025-09-22,Cruzeiro,Bragantino,2,1
2025-09-22,Santos,Sao Paulo,1,0
2025-09-24,Gremio,Botafogo RJ,1,1
2025-09-24,Vasco,Bahia,3,1
2025-09-27,Fortaleza,Sport Recife,1,0
2025-09-27,Juventude,Internacional,1,1
2025-09-27,Vasco,Cruzeiro,2,0
2025-09-28,Atletico-MG,Mirassol,1,0
2025-09-28,Bahia,Palmeiras,1,0
2025-09-28,Bragantino,Santos,2,2
2025-09-28,Fluminense,Botafogo RJ,2,0
2025-09-28,Gremio,Vitoria,3,1
2025-09-29,Corinthians,Flamengo RJ,1,2
2025-09-30,Sao Paulo,Ceara,0,1
2025-10-01,Atletico-MG,Juventude,0,0
2025-10-01,Internacional,Corinthians,1,1
2025-10-01,Mirassol,Bragantino,1,1
2025-10-01,Palmeiras,Vasco,3,0
2025-10-01,Sport Recife,Fluminense,2,2
2025-10-02,Botafogo RJ,Bahia,2,1
2025-10-02,Fortaleza,Sao Paulo,0,2
2025-10-02,Santos,Gremio,1,1
2025-10-02,Vitoria,Ceara,1,0
2025-10-03,Flamengo RJ,Cruzeiro,0,0
2025-10-04,Bragantino,Gremio,1,0
2025-10-04,Fluminense,Atletico-MG,3,0
2025-10-04,Internacional,Botafogo RJ,2,0
2025-10-05,Bahia,Flamengo RJ,1,0
2025-10-05,Corinthians,Mirassol,3,0
2025-10-05,Juventude,Fortaleza,1,2
2025-10-05,Sao Paulo,Palmeiras,2,3
2025-10-05,Vasco,Vitoria,4,3
2025-10-06,Ceara,Santos,3,0
2025-10-06,Cruzeiro,Sport Recife,1,1
2025-10-08,Atletico-MG,Sport Recife,3,1
2025-10-09,Mirassol,Fluminense,2,1
2025-10-11,Palmeiras,Juventude,4,1
2025-10-15,Botafogo RJ,Flamengo RJ,0,3
2025-10-15,Palmeiras,Bragantino,5,1
2025-10-16,Atletico-MG,Cruzeiro,1,1
2025-10-16,Fortaleza,Vasco,0,2
2025-10-16,Gremio,Sao Paulo,2,0
2025-10-16,Mirassol,Internacional,3,1
2025-10-16,Santos,Corinthians,3,1
2025-10-16,Sport Recife,Ceara,1,1
2025-10-17,Fluminense,Juventude,1,0
2025-10-17,Vitoria,Bahia,2,1
2025-10-18,Corinthians,Atletico-MG,1,0
2025-10-19,Ceara,Botafogo RJ,0,2
2025-10-19,Cruzeiro,Fortaleza,1,0
2025-10-19,Flamengo RJ,Palmeiras,3,2
2025-10-19,Internacional,Sport Recife,2,0
2025-10-19,Mirassol,Sao Paulo,3,0
2025-10-20,Bahia,Gremio,4,0
2025-10-20,Juventude,Bragantino,1,0
2025-10-20,Vasco,Fluminense,2,0
2025-10-21,Santos,Vitoria,0,1
2025-10-22,Bahia,Internacional,1,0
2025-10-25,Atletico-MG,Ceara,1,0
2025-10-25,Fluminense,Internacional,1,0
2025-10-25,Fortaleza,Flamengo RJ,1,0
2025-10-25,Sport Recife,Mirassol,1,2
2025-10-25,Vitoria,Corinthians,0,1
2025-10-26,Botafogo RJ,Santos,2,2
2025-10-26,Bragantino,Vasco,0,3
2025-10-26,Gremio,Juventude,3,1
2025-10-26,Palmeiras,Cruzeiro,0,0
2025-10-26,Sao Paulo,Bahia,2,0
2025-10-29,Fluminense,Ceara,1,0
2025-11-01,Cruzeiro,Vitoria,3,1
2025-11-01,Mirassol,Botafogo RJ,0,0
2025-11-01,Santos,Fortaleza,1,1
2025-11-02,Bahia,Bragantino,2,1
2025-11-02,Ceara,Fluminense,2,0
2025-11-02,Corinthians,Gremio,2,0
2025-11-02,Flamengo RJ,Sport Recife,3,0
2025-11-02,Internacional,Atletico-MG,0,0
2025-11-02,Juventude,Palmeiras,0,2
2025-11-02,Vasco,Sao Paulo,0,2
2025-11-05,Atletico-MG,Bahia,3,0
2025-11-05,Botafogo RJ,Vasco,3,0
2025-11-05,Bragantino,Corinthians,2,1
2025-11-05,Gremio,Cruzeiro,0,1
2025-11-05,Sport Recife,Juventude,0,2
2025-11-05,Vitoria,Internacional,1,0
2025-11-06,Ceara,Fortaleza,1,1
2025-11-06,Fluminense,Mirassol,1,0
2025-11-06,Sao Paulo,Flamengo RJ,2,2
2025-11-07,Palmeiras,Santos,2,0
2025-11-08,Internacional,Bahia,2,2
2025-11-08,Sport Recife,Atletico-MG,2,4
2025-11-08,Vasco,Juventude,1,3
2025-11-09,Corinthians,Ceara,0,1
2025-11-09,Cruzeiro,Fluminense,0,0
2025-11-09,Flamengo RJ,Santos,3,2
2025-11-09,Fortaleza,Gremio,2,2
2025-11-09,Mirassol,Palmeiras,2,1
2025-11-09,Sao Paulo,Bragantino,0,1
2025-11-09,Vitoria,Botafogo RJ,0,0
2025-11-12,Atletico-MG,Fortaleza,3,3
2025-11-15,Sport Recife,Flamengo RJ,1,5
2025-11-16,Bragantino,Atletico-MG,2,0
2025-11-16,Santos,Palmeiras,1,0
2025-11-18,Botafogo RJ,Sport Recife,3,2
2025-11-19,Palmeiras,Vitoria,0,0
2025-11-20,Bahia,Fortaleza,2,3
2025-11-20,Corinthians,Sao Paulo,3,1
2025-11-20,Fluminense,Flamengo RJ,2,1
2025-11-20,Gremio,Vasco,2,0
2025-11-20,Juventude,Cruzeiro,3,3
2025-11-20,Santos,Mirassol,1,1
2025-11-21,Ceara,Internacional,1,2
2025-11-22,Botafogo RJ,Gremio,3,2
2025-11-23,Bahia,Vasco,1,0
2025-11-23,Cruzeiro,Corinthians,3,0
2025-11-23,Flamengo RJ,Bragantino,3,0
2025-11-23,Palmeiras,Fluminense,0,0
2025-11-23,Sao Paulo,Juventude,2,1
2025-11-23,Sport Recife,Vitoria,1,3
2025-11-24,Mirassol,Ceara,3,0
2025-11-25,Internacional,Santos,1,1
2025-11-26,Atletico-MG,Flamengo RJ,1,1
2025-11-26,Bragantino,Fortaleza,0,1
2025-11-26,Gremio,Palmeiras,3,2
2025-11-27,Fluminense,Sao Paulo,6,0
2025-11-28,Juventude,Bahia,1,1
2025-11-28,Vasco,Internacional,5,1
2025-11-29,Santos,Sport Recife,3,0
2025-11-29,Vitoria,Mirassol,2,0
2025-11-30,Ceara,Cruzeiro,1,1
2025-11-30,Corinthians,Botafogo RJ,2,2
2025-11-30,Fortaleza,Atletico-MG,1,0
2025-12-02,Vasco,Mirassol,0,2
2025-12-03,Bahia,Sport Recife,2,0
2025-12-03,Bragantino,Vitoria,4,0
2025-12-03,Fortaleza,Corinthians,2,1
2025-12-03,Gremio,Fluminense,1,2
2025-12-03,Juventude,Santos,0,3
2025-12-03,Sao Paulo,Internacional,3,0
2025-12-04,Atletico-MG,Palmeiras,0,3
2025-12-04,Cruzeiro,Botafogo RJ,2,2
2025-12-04,Flamengo RJ,Ceara,1,0
2025-12-06,Mirassol,Flamengo RJ,3,3
2025-12-07,Atletico-MG,Vasco,5,0
2025-12-07,Botafogo RJ,Fortaleza,4,2
2025-12-07,Ceara,Palmeiras,1,3
2025-12-07,Corinthians,Juventude,1,1
2025-12-07,Fluminense,Bahia,2,0
2025-12-07,Internacional,Bragantino,3,1
2025-12-07,Santos,Cruzeiro,3,0
2025-12-07,Sport Recife,Gremio,0,4
2025-12-07,Vitoria,Sao Paulo,1,0
