2025-08-02,Kilmarnock,Livingston FC,2,2
2025-08-02,Motherwell,Rangers,1,1
2025-08-03,Celtic,St. Mirren,1,0
2025-08-03,Dundee,Hibernian,1,2
2025-08-03,Falkirk,Dundee United,2,2
2025-08-04,Heart of Midlothian,Aberdeen,2,0
2025-08-09,Livingston FC,Falkirk,3,1
2025-08-09,Rangers,Dundee,1,1
2025-08-09,St. Mirren,Motherwell,0,0
2025-08-10,Aberdeen,Celtic,0,2
2025-08-10,Dundee United,Heart of Midlothian,2,3
2025-08-10,Hibernian,Kilmarnock,2,2
2025-08-23,Celtic,Livingston FC,3,0
2025-08-23,Heart of Midlothian,Motherwell,3,3
2025-08-23,Kilmarnock,Dundee,0,0
2025-08-24,St. Mirren,Rangers,1,1
2025-08-30,Livingston FC,Heart of Midlothian,1,2
2025-08-30,Motherwell,Kilmarnock,2,2
2025-08-31,Aberdeen,Falkirk,0,1
2025-08-31,Dundee,Dundee United,0,2
2025-08-31,Hibernian,St. Mirren,1,1
2025-08-31,Rangers,Celtic,0,0
2025-09-13,Aberdeen,Livingston FC,0,0
2025-09-13,Dundee,Motherwell,1,1
2025-09-13,Falkirk,St. Mirren,1,2
2025-09-13,Hibernian,Dundee United,3,3
2025-09-13,Rangers,Heart of Midlothian,0,2
2025-09-14,Kilmarnock,Celtic,1,2
2025-09-20,Dundee,Livingston FC,3,2
2025-09-23,Dundee United,Aberdeen,2,0
2025-09-23,Falkirk,Hibernian,2,2
2025-09-27,Celtic,Hibernian,0,0
2025-09-27,Dundee United,Kilmarnock,0,2
2025-09-27,Heart of Midlothian,Falkirk,3,0
2025-09-27,Motherwell,Aberdeen,2,0
2025-09-27,St. Mirren,Dundee,1,0
2025-09-28,Livingston FC,Rangers,1,2
2025-10-04,Dundee United,Livingston FC,1,1
2025-10-04,Heart of Midlothian,Hibernian,1,0
2025-10-04,Kilmarnock,St. Mirren,2,0
2025-10-05,Aberdeen,Dundee,4,0
2025-10-05,Celtic,Motherwell,3,2
2025-10-05,Falkirk,Rangers,1,1
2025-10-18,Hibernian,Livingston FC,4,0
2025-10-18,Kilmarnock,Heart of Midlothian,0,3
2025-10-18,Motherwell,Falkirk,1,2
2025-10-18,Rangers,Dundee United,2,2
2025-10-18,St. Mirren,Aberdeen,0,1
2025-10-19,Dundee,Celtic,2,0
2025-10-25,Dundee United,St. Mirren,3,1
2025-10-25,Falkirk,Dundee,2,1
2025-10-25,Livingston FC,Motherwell,1,2
2025-10-26,Aberdeen,Hibernian,1,2
2025-10-26,Heart of Midlothian,Celtic,3,1
2025-10-26,Rangers,Kilmarnock,3,1
2025-10-29,Celtic,Falkirk,4,0
2025-10-29,Hibernian,Rangers,0,1
2025-10-29,Kilmarnock,Aberdeen,0,1
2025-10-29,Motherwell,Dundee United,2,0
2025-10-29,St. Mirren,Heart of Midlothian,2,2
2025-11-01,Falkirk,Kilmarnock,3,1
2025-11-01,Heart of Midlothian,Dundee,4,0
2025-11-01,Livingston FC,Hibernian,2,2
2025-11-08,Falkirk,Livingston FC,1,1
2025-11-08,St. Mirren,Hibernian,0,3
2025-11-09,Aberdeen,Motherwell,1,1
2025-11-09,Celtic,Kilmarnock,4,0
2025-11-09,Dundee,Rangers,0,3
2025-11-09,Heart of Midlothian,Dundee United,1,1
2025-11-22,Dundee United,Falkirk,0,3
2025-11-22,Hibernian,Dundee,2,0
2025-11-22,Kilmarnock,Motherwell,1,3
2025-11-22,Rangers,Livingston FC,2,1
2025-11-22,St. Mirren,Celtic,0,1
2025-11-23,Aberdeen,Heart of Midlothian,1,0
2025-11-25,Motherwell,Hibernian,2,0
2025-11-29,Dundee,St. Mirren,3,1
2025-11-29,Kilmarnock,Dundee United,1,1
2025-11-29,Motherwell,Heart of Midlothian,0,0
2025-11-30,Hibernian,Celtic,1,2
2025-11-30,Livingston FC,Aberdeen,0,1
2025-11-30,Rangers,Falkirk,0,0
2025-12-03,Aberdeen,St. Mirren,3,3
2025-12-03,Celtic,Dundee,1,0
2025-12-03,Dundee United,Rangers,2,2
2025-12-03,Falkirk,Motherwell,0,0
2025-12-03,Heart of Midlothian,Kilmarnock,1,1
2025-12-06,Dundee,Aberdeen,1,3
2025-12-06,Hibernian,Falkirk,3,0
2025-12-06,Kilmarnock,Rangers,0,3
2025-12-06,Motherwell,Livingston FC,3,0
2025-12-06,St. Mirren,Dundee United,2,0
2025-12-07,Celtic,Heart of Midlothian,1,2
2025-12-13,Dundee United,Motherwell,0,0
2025-12-13,Falkirk,Heart of Midlothian,0,2
2025-12-13,Livingston FC,Dundee,2,2
2025-12-14,Aberdeen,Kilmarnock,2,1
2025-12-15,Rangers,Hibernian,1,0
2025-12-17,Dundee United,Celtic,2,1
2025-12-20,Dundee United,Hibernian,1,1
2025-12-20,Kilmarnock,Falkirk,0,1
2025-12-20,Motherwell,Dundee,1,0
2025-12-20,St. Mirren,Livingston FC,1,0
2025-12-21,Celtic,Aberdeen,3,1
2025-12-21,Heart of Midlothian,Rangers,2,1
2025-12-27,Aberdeen,Dundee United,1,1
2025-12-27,Dundee,Falkirk,1,0
2025-12-27,Hibernian,Heart of Midlothian,3,2
2025-12-27,Livingston FC,Celtic,2,4
2025-12-27,Rangers,Motherwell,1,0
2025-12-27,St. Mirren,Kilmarnock,0,0
2025-12-30,Dundee,Kilmarnock,2,1
2025-12-30,Hibernian,Aberdeen,2,0
2025-12-30,Livingston FC,Dundee United,1,3
2025-12-30,Motherwell,Celtic,2,0
2025-12-30,Rangers,St. Mirren,2,1
2026-01-03,Celtic,Rangers,1,3
2026-01-03,Dundee United,Dundee,0,1
2026-01-03,Falkirk,Aberdeen,1,0
2026-01-03,Heart of Midlothian,Livingston FC,1,0
2026-01-03,Kilmarnock,Hibernian,1,3
2026-01-03,Motherwell,St. Mirren,2,0
2026-01-06,Rangers,Aberdeen,2,0
2026-01-10,Celtic,Dundee United,4,0
2026-01-10,Hibernian,Motherwell,1,1
2026-01-10,Livingston FC,Kilmarnock,1,1
2026-01-10,St. Mirren,Falkirk,0,2
2026-01-11,Aberdeen,Rangers,0,2
2026-01-11,Dundee,Heart of Midlothian,0,1
2026-01-14,Falkirk,Celtic,0,1
2026-01-14,Heart of Midlothian,St. Mirren,2,0
2026-01-20,Livingston FC,St. Mirren,1,1
2026-01-24,Aberdeen,Livingston FC,6,2
2026-01-24,Falkirk,Hibernian,4,1
2026-01-24,Motherwell,Kilmarnock,4,0
2026-01-25,Heart of Midlothian,Celtic,2,2
2026-01-25,Rangers,Dundee,3,0
2026-01-31,Dundee United,Heart of Midlothian,0,3
2026-01-31,Kilmarnock,Aberdeen,3,0
2026-01-31,Livingston FC,Motherwell,0,2
2026-01-31,St. Mirren,Dundee,0,0
2026-02-01,Celtic,Falkirk,2,0
2026-02-01,Hibernian,Rangers,0,0
2026-02-03,St. Mirren,Heart of Midlothian,1,0
2026-02-04,Hibernian,Dundee United,3,2
2026-02-04,Livingston FC,Falkirk,1,2
2026-02-04,Rangers,Kilmarnock,5,1
2026-02-10,Heart of Midlothian,Hibernian,1,0
2026-02-11,Celtic,Livingston FC,2,1
2026-02-11,Falkirk,Dundee,1,0
2026-02-11,Kilmarnock,St. Mirren,4,3
2026-02-11,Motherwell,Rangers,1,1
2026-02-14,Dundee,Livingston FC,2,2
2026-02-14,Falkirk,Dundee United,2,3
2026-02-14,Hibernian,St. Mirren,2,0
2026-02-15,Kilmarnock,Celtic,2,3
2026-02-15,Motherwell,Aberdeen,2,0
2026-02-15,Rangers,Heart of Midlothian,4,2
2026-02-21,Aberdeen,Dundee,2,3
2026-02-21,Dundee United,Kilmarnock,1,1
2026-02-21,Heart of Midlothian,Falkirk,1,0
2026-02-21,St. Mirren,Motherwell,0,5
2026-02-22,Celtic,Hibernian,1,2
2026-02-22,Livingston FC,Rangers,2,2
2026-02-24,Dundee United,Aberdeen,0,0
2026-02-28,Dundee,Hibernian,3,3
2026-02-28,Falkirk,Kilmarnock,5,1
2026-02-28,Heart of Midlothian,Aberdeen,1,0
2026-02-28,Livingston FC,St. Mirren,1,1
2026-02-28,Motherwell,Dundee United,2,0
2026-03-01,Rangers,Celtic,2,2
2026-03-03,Dundee United,St. Mirren,2,1
2026-03-04,Aberdeen,Celtic,1,2
2026-03-07,Dundee,Motherwell,2,1
2026-03-14,Aberdeen,Falkirk,1,1
2026-03-14,Celtic,Motherwell,3,1
2026-03-14,Hibernian,Livingston FC,0,0
2026-03-14,Kilmarnock,Heart of Midlothian,1,0
2026-03-15,Dundee,Dundee United,2,2
2026-03-15,St. Mirren,Rangers,0,1
2026-03-21,Falkirk,St. Mirren,1,2
2026-03-21,Heart of Midlothian,Dundee,1,0
2026-03-21,Kilmarnock,Livingston FC,2,0
2026-03-21,Motherwell,Hibernian,0,0
2026-03-21,Rangers,Aberdeen,4,1
2026-03-22,Dundee United,Celtic,2,0
2026-04-04,Hibernian,Kilmarnock,3,0
2026-04-04,Motherwell,Falkirk,2,3
2026-04-04,Rangers,Dundee United,4,2
2026-04-04,St. Mirren,Aberdeen,2,0
2026-04-05,Dundee,Celtic,1,2
2026-04-05,Livingston FC,Heart of Midlothian,2,2
2026-04-11,Aberdeen,Hibernian,2,0
2026-04-11,Celtic,St. Mirren,1,0
2026-04-11,Dundee United,Livingston FC,3,2
2026-04-11,Heart of Midlothian,Motherwell,3,1
2026-04-11,Kilmarnock,Dundee,2,2
2026-04-12,Falkirk,Rangers,3,6
2026-04-25,Aberdeen,Kilmarnock,1,0
2026-04-25,Celtic,Falkirk,3,1
2026-04-25,St. Mirren,Livingston FC,0,2
2026-04-26,Dundee United,Dundee,3,0
2026-04-26,Hibernian,Heart of Midlothian,1,2
2026-04-26,Rangers,Motherwell,2,3
2026-05-01,Livingston FC,Aberdeen,2,2
2026-05-02,Dundee,St. Mirren,1,0
2026-05-02,Falkirk,Motherwell,1,0
2026-05-02,Kilmarnock,Dundee United,3,0
2026-05-03,Hibernian,Celtic,1,2
2026-05-04,Heart of Midlothian,Rangers,2,1
2026-05-09,Aberdeen,Dundee United,2,0
2026-05-09,Dundee,Livingston FC,3,0
2026-05-09,Falkirk,Hibernian,1,3
2026-05-09,Motherwell,Heart of Midlothian,1,1
2026-05-09,St. Mirren,Kilmarnock,0,3
2026-05-10,Celtic,Rangers,3,1
2026-05-12,Aberdeen,St. Mirren,0,2
2026-05-12,Dundee United,Livingston FC,0,0
2026-05-12,Kilmarnock,Dundee,3,1
2026-05-13,Heart of Midlothian,Falkirk,3,0
2026-05-13,Motherwell,Celtic,2,3
2026-05-13,Rangers,Hibernian,1,2
2026-05-16,Celtic,Heart of Midlothian,3,1
2026-05-16,Falkirk,Rangers,2,5
2026-05-16,Hibernian,Motherwell,0,1
2026-05-17,Dundee,Aberdeen,3,2
2026-05-17,Livingston FC,Kilmarnock,1,4
2026-05-17,St. Mirren,Dundee United,1,1
