2025-07-12,Club Tijuana,Queretaro,1,0
2025-07-12,Juarez,Club America,1,1
2025-07-12,Puebla,Atlas,2,3
2025-07-13,Cruz Azul,Mazatlan FC,0,0
2025-07-13,Santos Laguna,UNAM Pumas,3,0
2025-07-13,Toluca,Necaxa,3,1
2025-07-14,Club Leon,Atl. San Luis,0,1
2025-07-14,Pachuca,Monterrey,3,0
2025-07-17,Club America,Club Tijuana,3,1
2025-07-17,Santos Laguna,Toluca,2,4
2025-07-19,Atl. San Luis,Monterrey,0,1
2025-07-19,Mazatlan FC,Puebla,2,1
2025-07-19,Necaxa,Queretaro,3,1
2025-07-20,Atlas,Cruz Azul,3,3
2025-07-20,Club Leon,Guadalajara Chivas,1,0
2025-07-20,Tigres UANL,Juarez,1,0
2025-07-20,UNAM Pumas,Pachuca,2,3
2025-07-26,Club Tijuana,Juarez,1,1
2025-07-26,Puebla,Santos Laguna,1,0
2025-07-26,Queretaro,UNAM Pumas,0,2
2025-07-27,Cruz Azul,Club Leon,4,1
2025-07-27,Guadalajara Chivas,Atl. San Luis,4,3
2025-07-27,Monterrey,Atlas,3,1
2025-07-27,Necaxa,Club America,1,1
2025-07-27,Pachuca,Mazatlan FC,1,0
2025-07-27,Toluca,Tigres UANL,3,4
2025-08-09,Tigres UANL,Puebla,7,0
2025-08-10,Atlas,Pachuca,0,3
2025-08-10,Club America,Queretaro,1,0
2025-08-10,Mazatlan FC,Club Tijuana,2,2
2025-08-11,Santos Laguna,Guadalajara Chivas,1,0
2025-08-11,UNAM Pumas,Necaxa,1,1
2025-08-12,Atl. San Luis,Cruz Azul,1,2
2025-08-12,Club Leon,Monterrey,1,3
2025-08-12,Juarez,Toluca,0,2
2025-08-16,Necaxa,Club Leon,0,1
2025-08-16,Puebla,Atl. San Luis,0,2
2025-08-17,Cruz Azul,Santos Laguna,3,2
2025-08-17,Guadalajara Chivas,Juarez,1,2
2025-08-17,Pachuca,Club Tijuana,0,2
2025-08-17,Queretaro,Atlas,3,3
2025-08-17,Tigres UANL,Club America,1,3
2025-08-17,Toluca,UNAM Pumas,1,1
2025-08-18,Monterrey,Mazatlan FC,3,2
2025-08-23,Club Tijuana,Guadalajara Chivas,3,3
2025-08-23,Juarez,Santos Laguna,2,1
2025-08-23,Queretaro,Atl. San Luis,3,2
2025-08-24,Club Leon,Pachuca,1,1
2025-08-24,Cruz Azul,Toluca,1,0
2025-08-24,Mazatlan FC,Tigres UANL,2,2
2025-08-24,Monterrey,Necaxa,3,0
2025-08-25,Atlas,Club America,2,4
2025-08-25,UNAM Pumas,Puebla,0,0
2025-08-30,Atl. San Luis,Toluca,1,3
2025-08-30,Juarez,Mazatlan FC,1,0
2025-08-30,Puebla,Monterrey,2,4
2025-08-31,Club America,Pachuca,2,0
2025-08-31,Club Leon,Queretaro,3,0
2025-08-31,Guadalajara Chivas,Cruz Azul,1,2
2025-08-31,Santos Laguna,Tigres UANL,0,1
2025-08-31,UNAM Pumas,Atlas,1,0
2025-09-01,Club Tijuana,Necaxa,3,0
2025-09-13,Mazatlan FC,UNAM Pumas,1,4
2025-09-13,Necaxa,Juarez,1,1
2025-09-14,Atlas,Santos Laguna,2,2
2025-09-14,Club America,Guadalajara Chivas,1,2
2025-09-14,Pachuca,Cruz Azul,0,1
2025-09-14,Tigres UANL,Club Leon,0,0
2025-09-14,Toluca,Puebla,3,1
2025-09-15,Atl. San Luis,Club Tijuana,1,1
2025-09-15,Queretaro,Monterrey,0,1
2025-09-18,Guadalajara Chivas,Tigres UANL,0,0
2025-09-20,Club Tijuana,Club Leon,5,0
2025-09-20,Cruz Azul,Juarez,3,2
2025-09-20,Mazatlan FC,Atlas,1,1
2025-09-20,Necaxa,Puebla,1,0
2025-09-21,Guadalajara Chivas,Toluca,0,3
2025-09-21,Monterrey,Club America,2,2
2025-09-21,Pachuca,Queretaro,0,2
2025-09-21,UNAM Pumas,Tigres UANL,1,1
2025-09-22,Santos Laguna,Atl. San Luis,1,4
2025-09-24,Club Leon,Mazatlan FC,2,2
2025-09-24,Guadalajara Chivas,Necaxa,3,1
2025-09-24,Juarez,UNAM Pumas,3,1
2025-09-24,Puebla,Pachuca,2,2
2025-09-25,Atl. San Luis,Club America,0,1
2025-09-25,Cruz Azul,Queretaro,2,2
2025-09-25,Santos Laguna,Club Tijuana,1,0
2025-09-25,Tigres UANL,Atlas,2,0
2025-09-25,Toluca,Monterrey,6,2
2025-09-27,Juarez,Club Leon,2,0
2025-09-28,Atlas,Necaxa,3,2
2025-09-28,Club America,UNAM Pumas,4,1
2025-09-28,Monterrey,Santos Laguna,1,0
2025-09-28,Pachuca,Atl. San Luis,2,1
2025-09-28,Puebla,Guadalajara Chivas,0,2
2025-09-28,Toluca,Mazatlan FC,3,1
2025-09-29,Club Tijuana,Cruz Azul,2,0
2025-09-29,Queretaro,Tigres UANL,0,2
2025-10-04,Atlas,Juarez,3,1
2025-10-04,Mazatlan FC,Atl. San Luis,2,1
2025-10-04,Necaxa,Pachuca,0,1
2025-10-05,Club America,Santos Laguna,3,0
2025-10-05,Club Leon,Toluca,2,4
2025-10-05,Queretaro,Puebla,3,1
2025-10-05,Tigres UANL,Cruz Azul,1,1
2025-10-06,Club Tijuana,Monterrey,2,2
2025-10-06,UNAM Pumas,Guadalajara Chivas,1,2
2025-10-18,Atl. San Luis,Atlas,2,0
2025-10-18,Puebla,Club Tijuana,4,3
2025-10-18,Tigres UANL,Necaxa,5,3
2025-10-19,Cruz Azul,Club America,2,1
2025-10-19,Guadalajara Chivas,Mazatlan FC,2,0
2025-10-19,Juarez,Pachuca,2,2
2025-10-19,Monterrey,UNAM Pumas,1,1
2025-10-19,Santos Laguna,Club Leon,2,0
2025-10-19,Toluca,Queretaro,4,0
2025-10-22,Club America,Puebla,2,1
2025-10-22,Mazatlan FC,Santos Laguna,2,2
2025-10-22,Monterrey,Juarez,4,2
2025-10-22,Necaxa,Cruz Azul,1,1
2025-10-23,Atlas,Club Leon,2,0
2025-10-23,Club Tijuana,Toluca,0,0
2025-10-23,Pachuca,Tigres UANL,1,2
2025-10-23,Queretaro,Guadalajara Chivas,1,0
2025-10-23,UNAM Pumas,Atl. San Luis,0,1
2025-10-25,Juarez,Puebla,4,4
2025-10-25,Mazatlan FC,Club America,2,2
2025-10-26,Club Leon,UNAM Pumas,1,1
2025-10-26,Cruz Azul,Monterrey,2,0
2025-10-26,Guadalajara Chivas,Atlas,4,1
2025-10-26,Santos Laguna,Queretaro,3,1
2025-10-26,Tigres UANL,Club Tijuana,2,0
2025-10-27,Atl. San Luis,Necaxa,3,4
2025-10-27,Toluca,Pachuca,2,2
2025-11-01,Atl. San Luis,Juarez,1,2
2025-11-01,Atlas,Toluca,0,0
2025-11-01,Necaxa,Santos Laguna,4,1
2025-11-01,Puebla,Cruz Azul,0,3
2025-11-02,Club America,Club Leon,2,0
2025-11-02,Monterrey,Tigres UANL,1,1
2025-11-02,Queretaro,Mazatlan FC,1,0
2025-11-02,UNAM Pumas,Club Tijuana,4,1
2025-11-03,Pachuca,Guadalajara Chivas,0,1
2025-11-08,Club Tijuana,Atlas,2,0
2025-11-08,Guadalajara Chivas,Monterrey,4,2
2025-11-08,Juarez,Queretaro,1,2
2025-11-08,Mazatlan FC,Necaxa,1,1
2025-11-08,Tigres UANL,Atl. San Luis,3,1
2025-11-09,Club Leon,Puebla,1,2
2025-11-09,Cruz Azul,UNAM Pumas,2,3
2025-11-09,Santos Laguna,Pachuca,1,0
2025-11-09,Toluca,Club America,2,0
2025-11-21,Club Tijuana,Juarez,3,1
2025-11-21,Pachuca,UNAM Pumas,3,1
2025-11-27,Club Tijuana,Tigres UANL,3,0
2025-11-27,Juarez,Toluca,1,2
2025-11-27,Monterrey,Club America,2,0
2025-11-28,Guadalajara Chivas,Cruz Azul,0,0
2025-11-29,Club America,Monterrey,2,1
2025-11-30,Tigres UANL,Club Tijuana,5,0
2025-11-30,Toluca,Juarez,0,0
2025-12-01,Cruz Azul,Guadalajara Chivas,3,2
2025-12-04,Cruz Azul,Tigres UANL,1,1
2025-12-04,Monterrey,Toluca,1,0
2025-12-07,Tigres UANL,Cruz Azul,1,1
2025-12-07,Toluca,Monterrey,3,2
2025-12-12,Tigres UANL,Toluca,1,0
2025-12-15,Toluca,Tigres UANL,2,1
2026-01-10,Atlas,Puebla,1,0
2026-01-10,Club Tijuana,Club America,0,0
2026-01-10,Guadalajara Chivas,Pachuca,2,0
2026-01-10,Mazatlan FC,Juarez,1,2
2026-01-11,Club Leon,Cruz Azul,2,1
2026-01-11,Monterrey,Toluca,0,1
2026-01-11,Santos Laguna,Necaxa,1,3
2026-01-11,UNAM Pumas,Queretaro,1,1
2026-01-12,Atl. San Luis,Tigres UANL,1,2
2026-01-13,Puebla,Mazatlan FC,2,1
2026-01-14,Cruz Azul,Atlas,2,0
2026-01-14,Juarez,Guadalajara Chivas,0,1
2026-01-14,Necaxa,Monterrey,0,2
2026-01-14,Pachuca,Club Leon,2,1
2026-01-15,Club America,Atl. San Luis,0,2
2026-01-15,Queretaro,Club Tijuana,1,2
2026-01-15,Tigres UANL,UNAM Pumas,0,1
2026-01-15,Toluca,Santos Laguna,3,1
2026-01-17,Guadalajara Chivas,Queretaro,2,1
2026-01-17,Mazatlan FC,Monterrey,1,5
2026-01-17,Necaxa,Atlas,0,1
2026-01-18,Club Tijuana,Atl. San Luis,1,1
2026-01-18,Cruz Azul,Puebla,1,0
2026-01-18,Santos Laguna,Juarez,2,2
2026-01-18,Tigres UANL,Toluca,0,0
2026-01-18,UNAM Pumas,Club Leon,1,1
2026-01-19,Pachuca,Club America,0,0
2026-01-31,Atl. San Luis,Guadalajara Chivas,2,3
2026-01-31,Atlas,Mazatlan FC,1,0
2026-01-31,Club America,Necaxa,2,0
2026-01-31,Juarez,Cruz Azul,3,4
2026-01-31,Puebla,Toluca,0,0
2026-01-31,UNAM Pumas,Santos Laguna,4,0
2026-02-01,Club Leon,Tigres UANL,1,2
2026-02-01,Monterrey,Club Tijuana,2,2
2026-02-01,Queretaro,Pachuca,0,0
2026-02-07,Club Tijuana,Puebla,0,0
2026-02-07,Mazatlan FC,Guadalajara Chivas,1,2
2026-02-07,Necaxa,Atl. San Luis,4,1
2026-02-07,Queretaro,Club Leon,2,0
2026-02-07,Tigres UANL,Santos Laguna,5,1
2026-02-07,Toluca,Cruz Azul,1,1
2026-02-08,Atlas,UNAM Pumas,2,2
2026-02-08,Club America,Monterrey,1,0
2026-02-08,Pachuca,Juarez,2,0
2026-02-14,Atl. San Luis,Queretaro,3,0
2026-02-14,Pachuca,Atlas,3,1
2026-02-14,Puebla,UNAM Pumas,2,3
2026-02-14,Toluca,Club Tijuana,1,0
2026-02-15,Cruz Azul,Tigres UANL,2,1
2026-02-15,Guadalajara Chivas,Club America,1,0
2026-02-15,Juarez,Necaxa,1,2
2026-02-15,Monterrey,Club Leon,1,0
2026-02-15,Santos Laguna,Mazatlan FC,1,2
2026-02-21,Atlas,Atl. San Luis,3,2
2026-02-21,Puebla,Club America,0,4
2026-02-21,Tigres UANL,Pachuca,1,2
2026-02-22,Club Leon,Santos Laguna,2,1
2026-02-22,Club Tijuana,Mazatlan FC,1,1
2026-02-22,Cruz Azul,Guadalajara Chivas,2,1
2026-02-22,Necaxa,Toluca,0,3
2026-02-22,UNAM Pumas,Monterrey,2,0
2026-02-28,Atl. San Luis,Puebla,0,1
2026-02-28,Club Tijuana,UNAM Pumas,1,1
2026-02-28,Juarez,Atlas,3,1
2026-02-28,Mazatlan FC,Pachuca,1,0
2026-02-28,Queretaro,Santos Laguna,2,2
2026-02-28,Toluca,Guadalajara Chivas,2,0
2026-03-01,Club America,Tigres UANL,1,4
2026-03-01,Club Leon,Necaxa,2,1
2026-03-01,Monterrey,Cruz Azul,0,2
2026-03-04,Atl. San Luis,Mazatlan FC,4,1
2026-03-04,Pachuca,Necaxa,2,1
2026-03-04,Santos Laguna,Cruz Azul,1,2
2026-03-04,UNAM Pumas,Toluca,2,3
2026-03-05,Atlas,Club Tijuana,2,1
2026-03-05,Club America,Juarez,1,2
2026-03-05,Monterrey,Queretaro,4,0
2026-03-05,Puebla,Tigres UANL,3,1
2026-03-07,Cruz Azul,Atl. San Luis,3,0
2026-03-07,Mazatlan FC,Club Leon,4,2
2026-03-07,Necaxa,UNAM Pumas,0,1
2026-03-07,Queretaro,Club America,1,2
2026-03-08,Atlas,Guadalajara Chivas,1,2
2026-03-08,Pachuca,Puebla,2,1
2026-03-08,Tigres UANL,Monterrey,1,0
2026-03-08,Toluca,Juarez,3,1
2026-03-09,Club Tijuana,Santos Laguna,1,2
2026-03-14,Atl. San Luis,Pachuca,1,1
2026-03-14,Guadalajara Chivas,Santos Laguna,3,0
2026-03-14,Juarez,Monterrey,2,2
2026-03-14,Puebla,Necaxa,0,0
2026-03-15,Club Leon,Club Tijuana,0,3
2026-03-15,Tigres UANL,Queretaro,0,0
2026-03-15,Toluca,Atlas,1,1
2026-03-15,UNAM Pumas,Cruz Azul,2,2
2026-03-16,Club America,Mazatlan FC,2,0
2026-03-19,Guadalajara Chivas,Club Leon,5,0
2026-03-21,Atlas,Queretaro,0,0
2026-03-21,Mazatlan FC,Cruz Azul,1,1
2026-03-21,Necaxa,Club Tijuana,3,0
2026-03-22,Atl. San Luis,Club Leon,1,2
2026-03-22,Monterrey,Guadalajara Chivas,2,3
2026-03-22,Pachuca,Toluca,1,1
2026-03-22,Santos Laguna,Puebla,2,1
2026-03-22,UNAM Pumas,Club America,1,0
2026-03-23,Juarez,Tigres UANL,2,1
2026-04-04,Club Tijuana,Tigres UANL,1,0
2026-04-04,Necaxa,Mazatlan FC,2,1
2026-04-04,Puebla,Juarez,1,1
2026-04-05,Club Leon,Atlas,2,0
2026-04-05,Cruz Azul,Pachuca,1,2
2026-04-05,Monterrey,Atl. San Luis,1,2
2026-04-05,Queretaro,Toluca,1,0
2026-04-05,Santos Laguna,Club America,1,1
2026-04-06,Guadalajara Chivas,UNAM Pumas,2,2
2026-04-08,Queretaro,Juarez,1,1
2026-04-11,Juarez,Club Tijuana,1,2
2026-04-11,Puebla,Club Leon,0,1
2026-04-12,Atlas,Monterrey,0,0
2026-04-12,Club America,Cruz Azul,1,1
2026-04-12,Pachuca,Santos Laguna,4,2
2026-04-12,Queretaro,Necaxa,3,1
2026-04-12,Tigres UANL,Guadalajara Chivas,4,1
2026-04-12,UNAM Pumas,Mazatlan FC,3,1
2026-04-13,Toluca,Atl. San Luis,1,1
2026-04-18,Atl. San Luis,UNAM Pumas,0,2
2026-04-18,Mazatlan FC,Queretaro,1,1
2026-04-19,Club America,Toluca,2,1
2026-04-19,Club Leon,Juarez,3,1
2026-04-19,Cruz Azul,Club Tijuana,1,1
2026-04-19,Guadalajara Chivas,Puebla,5,0
2026-04-19,Monterrey,Pachuca,1,3
2026-04-19,Necaxa,Tigres UANL,1,1
2026-04-20,Santos Laguna,Atlas,0,1
2026-04-22,Club Leon,Club America,2,3
2026-04-22,Monterrey,Puebla,2,1
2026-04-22,Queretaro,Cruz Azul,1,1
2026-04-22,UNAM Pumas,Juarez,4,2
2026-04-23,Atl. San Luis,Santos Laguna,2,0
2026-04-23,Atlas,Tigres UANL,0,0
2026-04-23,Club Tijuana,Pachuca,3,1
2026-04-23,Mazatlan FC,Toluca,4,3
2026-04-23,Necaxa,Guadalajara Chivas,0,0
2026-04-25,Puebla,Queretaro,1,2
2026-04-26,Club America,Atlas,0,1
2026-04-26,Guadalajara Chivas,Club Tijuana,0,0
2026-04-26,Juarez,Atl. San Luis,2,1
2026-04-26,Pachuca,UNAM Pumas,0,2
2026-04-26,Tigres UANL,Mazatlan FC,5,1
2026-04-26,Toluca,Club Leon,4,1
2026-04-27,Cruz Azul,Necaxa,4,1
2026-04-27,Santos Laguna,Monterrey,3,0
2026-05-03,Atlas,Cruz Azul,2,3
2026-05-03,Tigres UANL,Guadalajara Chivas,3,1
2026-05-04,Club America,UNAM Pumas,3,3
2026-05-04,Toluca,Pachuca,0,1
2026-05-10,Cruz Azul,Atlas,1,0
2026-05-10,Guadalajara Chivas,Tigres UANL,2,0
2026-05-11,Pachuca,Toluca,2,0
2026-05-11,UNAM Pumas,Club America,3,3
2026-05-14,Cruz Azul,Guadalajara Chivas,2,2
2026-05-15,Pachuca,UNAM Pumas,1,0
2026-05-17,Guadalajara Chivas,Cruz Azul,1,2
2026-05-18,UNAM Pumas,Pachuca,1,0
2026-05-22,Cruz Azul,UNAM Pumas,0,0
2026-05-25,UNAM Pumas,Cruz Azul,1,2
