2025-08-08,Fortuna Sittard,Go Ahead Eagles,2,2
2025-08-09,NEC,SBV Excelsior,5,0
2025-08-09,Feyenoord Rotterdam,NAC Breda,2,0
2025-08-09,SC Heerenveen,FC Volendam,1,1
2025-08-09,PSV,Sparta Rotterdam,6,1
2025-08-10,PEC Zwolle,FC Twente '65,1,0
2025-08-10,AFC Ajax,Telstar 1963,2,0
2025-08-10,AZ,FC Groningen,4,1
2025-08-10,FC Utrecht,Heracles Almelo,4,0
2025-08-15,Telstar 1963,PEC Zwolle,0,2
2025-08-16,SBV Excelsior,Feyenoord Rotterdam,1,2
2025-08-16,Heracles Almelo,NEC,1,4
2025-08-16,FC Groningen,SC Heerenveen,2,1
2025-08-17,Go Ahead Eagles,AFC Ajax,2,2
2025-08-17,Sparta Rotterdam,FC Utrecht,2,1
2025-08-17,FC Twente '65,PSV,0,2
2025-08-17,FC Volendam,AZ,2,2
2025-08-17,NAC Breda,Fortuna Sittard,2,1
2025-08-23,Go Ahead Eagles,Sparta Rotterdam,0,3
2025-08-23,PSV,FC Groningen,4,2
2025-08-23,Telstar 1963,FC Volendam,2,2
2025-08-24,SC Heerenveen,FC Twente '65,1,2
2025-08-24,NEC,NAC Breda,3,0
2025-08-24,FC Utrecht,SBV Excelsior,4,1
2025-08-24,AFC Ajax,Heracles Almelo,2,0
2025-08-29,FC Groningen,Heracles Almelo,4,0
2025-08-30,FC Volendam,AFC Ajax,1,1
2025-08-30,SC Heerenveen,Go Ahead Eagles,2,2
2025-08-30,PSV,Telstar 1963,0,2
2025-08-30,SBV Excelsior,FC Twente '65,1,0
2025-08-31,Fortuna Sittard,NEC,3,2
2025-08-31,Sparta Rotterdam,Feyenoord Rotterdam,0,4
2025-08-31,PEC Zwolle,FC Utrecht,0,2
2025-08-31,NAC Breda,AZ,0,1
2025-09-13,AFC Ajax,PEC Zwolle,3,1
2025-09-13,Go Ahead Eagles,FC Volendam,3,0
2025-09-13,NEC,PSV,3,5
2025-09-13,Feyenoord Rotterdam,SC Heerenveen,1,0
2025-09-13,FC Twente '65,NAC Breda,2,2
2025-09-14,SBV Excelsior,Sparta Rotterdam,0,1
2025-09-14,Heracles Almelo,AZ,1,2
2025-09-14,FC Utrecht,FC Groningen,0,1
2025-09-14,Telstar 1963,Fortuna Sittard,1,3
2025-09-17,Feyenoord Rotterdam,Fortuna Sittard,2,0
2025-09-19,Sparta Rotterdam,FC Twente '65,1,5
2025-09-20,FC Volendam,SBV Excelsior,1,2
2025-09-20,FC Groningen,Telstar 1963,2,0
2025-09-20,Fortuna Sittard,FC Utrecht,1,0
2025-09-20,NAC Breda,Heracles Almelo,2,1
2025-09-21,PEC Zwolle,Go Ahead Eagles,0,2
2025-09-21,SC Heerenveen,NEC,3,2
2025-09-21,PSV,AFC Ajax,2,2
2025-09-21,AZ,Feyenoord Rotterdam,3,3
2025-09-24,AZ,PEC Zwolle,2,2
2025-09-26,FC Twente '65,Fortuna Sittard,3,2
2025-09-27,AFC Ajax,NAC Breda,2,1
2025-09-27,FC Volendam,PEC Zwolle,2,1
2025-09-27,SBV Excelsior,PSV,1,2
2025-09-27,Heracles Almelo,Sparta Rotterdam,3,0
2025-09-28,NEC,AZ,2,1
2025-09-28,FC Groningen,Feyenoord Rotterdam,0,1
2025-09-28,FC Utrecht,SC Heerenveen,2,2
2025-09-28,Telstar 1963,Go Ahead Eagles,4,2
2025-10-03,NAC Breda,FC Groningen,1,2
2025-10-04,Sparta Rotterdam,AFC Ajax,3,3
2025-10-04,Fortuna Sittard,FC Volendam,1,0
2025-10-04,PEC Zwolle,PSV,0,4
2025-10-04,SC Heerenveen,SBV Excelsior,2,1
2025-10-05,FC Twente '65,Heracles Almelo,2,1
2025-10-05,Feyenoord Rotterdam,FC Utrecht,3,2
2025-10-05,AZ,Telstar 1963,2,1
2025-10-05,Go Ahead Eagles,NEC,1,1
2025-10-18,NEC,FC Twente '65,3,3
2025-10-18,PSV,Go Ahead Eagles,2,1
2025-10-18,FC Utrecht,FC Volendam,3,1
2025-10-18,AFC Ajax,AZ,0,2
2025-10-18,NAC Breda,PEC Zwolle,2,2
2025-10-19,Telstar 1963,SC Heerenveen,2,3
2025-10-19,SBV Excelsior,Fortuna Sittard,1,0
2025-10-19,FC Groningen,Sparta Rotterdam,0,2
2025-10-19,Heracles Almelo,Feyenoord Rotterdam,0,7
2025-10-24,SC Heerenveen,NAC Breda,3,3
2025-10-25,Fortuna Sittard,FC Groningen,1,2
2025-10-25,Sparta Rotterdam,Telstar 1963,1,0
2025-10-25,FC Volendam,Heracles Almelo,3,0
2025-10-25,PEC Zwolle,NEC,2,2
2025-10-26,FC Twente '65,AFC Ajax,2,3
2025-10-26,Feyenoord Rotterdam,PSV,2,3
2025-10-26,AZ,FC Utrecht,4,1
2025-10-26,Go Ahead Eagles,SBV Excelsior,2,0
2025-10-31,PSV,Fortuna Sittard,5,2
2025-11-01,AFC Ajax,SC Heerenveen,1,1
2025-11-01,NAC Breda,Go Ahead Eagles,1,0
2025-11-01,Feyenoord Rotterdam,FC Volendam,3,1
2025-11-01,Telstar 1963,SBV Excelsior,2,2
2025-11-02,Heracles Almelo,PEC Zwolle,8,2
2025-11-02,FC Groningen,FC Twente '65,1,1
2025-11-02,Sparta Rotterdam,AZ,0,1
2025-11-02,FC Utrecht,NEC,1,0
2025-11-07,FC Twente '65,Telstar 1963,0,0
2025-11-08,SBV Excelsior,Heracles Almelo,1,2
2025-11-08,FC Volendam,NAC Breda,2,1
2025-11-08,Fortuna Sittard,SC Heerenveen,2,0
2025-11-08,PEC Zwolle,Sparta Rotterdam,1,0
2025-11-09,FC Utrecht,AFC Ajax,2,1
2025-11-09,NEC,FC Groningen,2,0
2025-11-09,AZ,PSV,1,5
2025-11-09,Go Ahead Eagles,Feyenoord Rotterdam,2,1
2025-11-22,NAC Breda,PSV,0,1
2025-11-22,AFC Ajax,SBV Excelsior,1,2
2025-11-22,FC Volendam,FC Twente '65,1,1
2025-11-22,Heracles Almelo,Go Ahead Eagles,4,2
2025-11-22,Sparta Rotterdam,Fortuna Sittard,1,1
2025-11-23,SC Heerenveen,AZ,3,1
2025-11-23,Feyenoord Rotterdam,NEC,2,4
2025-11-23,Telstar 1963,FC Utrecht,1,1
2025-11-23,FC Groningen,PEC Zwolle,2,2
2025-11-28,PEC Zwolle,SC Heerenveen,2,1
2025-11-29,SBV Excelsior,NAC Breda,1,0
2025-11-29,Fortuna Sittard,Heracles Almelo,1,1
2025-11-29,NEC,Sparta Rotterdam,3,1
2025-11-30,PSV,FC Volendam,3,0
2025-11-30,Go Ahead Eagles,FC Utrecht,2,2
2025-11-30,Telstar 1963,Feyenoord Rotterdam,1,2
2025-11-30,FC Twente '65,AZ,1,0
2025-12-02,AFC Ajax,FC Groningen,2,0
2025-12-05,SBV Excelsior,FC Groningen,0,2
2025-12-06,SC Heerenveen,PSV,0,2
2025-12-06,Fortuna Sittard,AFC Ajax,1,3
2025-12-06,Heracles Almelo,Telstar 1963,1,1
2025-12-06,Feyenoord Rotterdam,PEC Zwolle,6,1
2025-12-07,FC Utrecht,FC Twente '65,1,1
2025-12-07,AZ,Go Ahead Eagles,2,2
2025-12-07,FC Volendam,NEC,2,3
2025-12-07,Sparta Rotterdam,NAC Breda,1,0
2025-12-13,Telstar 1963,NEC,2,2
2025-12-13,FC Groningen,FC Volendam,3,0
2025-12-13,PSV,Heracles Almelo,4,3
2025-12-13,PEC Zwolle,Fortuna Sittard,1,0
2025-12-14,Sparta Rotterdam,SC Heerenveen,0,3
2025-12-14,AFC Ajax,Feyenoord Rotterdam,2,0
2025-12-14,FC Twente '65,Go Ahead Eagles,2,0
2025-12-14,NAC Breda,FC Utrecht,1,1
2025-12-20,Heracles Almelo,SC Heerenveen,0,3
2025-12-20,SBV Excelsior,PEC Zwolle,2,1
2025-12-20,NEC,AFC Ajax,2,2
2025-12-20,NAC Breda,Telstar 1963,0,1
2025-12-21,FC Utrecht,PSV,1,2
2025-12-21,Feyenoord Rotterdam,FC Twente '65,1,1
2025-12-21,Go Ahead Eagles,FC Groningen,1,1
2025-12-21,Fortuna Sittard,AZ,4,3
2025-12-21,FC Volendam,Sparta Rotterdam,0,1
2026-01-10,AZ,FC Volendam,1,0
2026-01-10,FC Twente '65,PEC Zwolle,1,1
2026-01-10,PSV,SBV Excelsior,5,1
2026-01-10,FC Groningen,NAC Breda,0,0
2026-01-11,SC Heerenveen,Feyenoord Rotterdam,2,2
2026-01-11,Go Ahead Eagles,Fortuna Sittard,2,2
2026-01-11,Telstar 1963,AFC Ajax,2,3
2026-01-11,Sparta Rotterdam,Heracles Almelo,2,0
2026-01-17,AFC Ajax,Go Ahead Eagles,2,2
2026-01-17,PEC Zwolle,AZ,3,1
2026-01-17,SBV Excelsior,Telstar 1963,2,2
2026-01-17,Fortuna Sittard,PSV,1,2
2026-01-17,NAC Breda,NEC,3,4
2026-01-18,SC Heerenveen,FC Groningen,0,2
2026-01-18,Heracles Almelo,FC Twente '65,0,2
2026-01-18,FC Volendam,FC Utrecht,2,1
2026-01-18,Feyenoord Rotterdam,Sparta Rotterdam,3,4
2026-01-21,AZ,SBV Excelsior,1,1
2026-01-24,AFC Ajax,FC Volendam,2,0
2026-01-24,NEC,PEC Zwolle,2,1
2026-01-24,PSV,NAC Breda,2,2
2026-01-24,FC Twente '65,SBV Excelsior,0,0
2026-01-25,Telstar 1963,AZ,0,1
2026-01-25,FC Groningen,Fortuna Sittard,1,2
2026-01-25,Feyenoord Rotterdam,Heracles Almelo,4,2
2026-01-25,FC Utrecht,Sparta Rotterdam,0,1
2026-01-30,NAC Breda,FC Twente '65,2,2
2026-01-31,AZ,NEC,1,3
2026-01-31,PEC Zwolle,Telstar 1963,4,1
2026-01-31,Sparta Rotterdam,FC Groningen,2,0
2026-02-01,SBV Excelsior,AFC Ajax,2,2
2026-02-01,Heracles Almelo,Fortuna Sittard,2,1
2026-02-01,PSV,Feyenoord Rotterdam,3,0
2026-02-01,SC Heerenveen,FC Utrecht,1,1
2026-02-01,FC Volendam,Go Ahead Eagles,1,1
2026-02-06,NAC Breda,SBV Excelsior,0,2
2026-02-07,NEC,Heracles Almelo,4,1
2026-02-07,PEC Zwolle,FC Volendam,1,2
2026-02-07,FC Twente '65,SC Heerenveen,5,0
2026-02-07,Fortuna Sittard,Sparta Rotterdam,2,2
2026-02-08,FC Utrecht,Feyenoord Rotterdam,0,1
2026-02-08,AZ,AFC Ajax,1,1
2026-02-08,Go Ahead Eagles,Telstar 1963,1,1
2026-02-08,FC Groningen,PSV,1,2
2026-02-11,Go Ahead Eagles,SC Heerenveen,1,3
2026-02-11,NEC,FC Utrecht,1,3
2026-02-13,FC Volendam,PSV,2,1
2026-02-14,Heracles Almelo,NAC Breda,0,1
2026-02-14,SBV Excelsior,AZ,1,2
2026-02-14,AFC Ajax,Fortuna Sittard,4,1
2026-02-14,FC Groningen,FC Utrecht,1,2
2026-02-15,Feyenoord Rotterdam,Go Ahead Eagles,1,0
2026-02-15,SC Heerenveen,PEC Zwolle,4,2
2026-02-15,Telstar 1963,FC Twente '65,1,1
2026-02-17,Sparta Rotterdam,NEC,1,1
2026-02-20,Fortuna Sittard,SBV Excelsior,2,1
2026-02-21,PSV,SC Heerenveen,3,1
2026-02-21,NAC Breda,FC Volendam,1,0
2026-02-21,AFC Ajax,NEC,1,1
2026-02-22,FC Twente '65,FC Groningen,2,1
2026-02-22,Go Ahead Eagles,Heracles Almelo,4,0
2026-02-22,FC Utrecht,PEC Zwolle,1,1
2026-02-22,AZ,Sparta Rotterdam,3,1
2026-02-22,Feyenoord Rotterdam,Telstar 1963,2,1
2026-02-27,Telstar 1963,NAC Breda,3,0
2026-02-28,SC Heerenveen,Sparta Rotterdam,2,1
2026-02-28,Heracles Almelo,PSV,1,3
2026-02-28,NEC,Fortuna Sittard,2,3
2026-03-01,PEC Zwolle,AFC Ajax,0,0
2026-03-01,FC Twente '65,Feyenoord Rotterdam,2,0
2026-03-01,FC Volendam,FC Groningen,3,2
2026-03-01,FC Utrecht,AZ,2,0
2026-03-01,SBV Excelsior,Go Ahead Eagles,0,1
2026-03-06,Heracles Almelo,FC Utrecht,0,0
2026-03-07,FC Groningen,AFC Ajax,3,1
2026-03-07,PSV,AZ,2,1
2026-03-07,SBV Excelsior,SC Heerenveen,1,2
2026-03-08,Sparta Rotterdam,PEC Zwolle,1,1
2026-03-08,Fortuna Sittard,Telstar 1963,1,4
2026-03-08,Go Ahead Eagles,FC Twente '65,1,4
2026-03-08,NAC Breda,Feyenoord Rotterdam,3,3
2026-03-08,NEC,FC Volendam,3,0
2026-03-13,PEC Zwolle,FC Groningen,1,1
2026-03-14,FC Volendam,Fortuna Sittard,1,2
2026-03-14,PSV,NEC,2,3
2026-03-14,SC Heerenveen,Telstar 1963,3,0
2026-03-14,AFC Ajax,Sparta Rotterdam,4,0
2026-03-15,FC Twente '65,FC Utrecht,0,2
2026-03-15,AZ,Heracles Almelo,4,0
2026-03-15,Feyenoord Rotterdam,SBV Excelsior,2,1
2026-03-15,Go Ahead Eagles,NAC Breda,6,0
2026-03-20,Heracles Almelo,SBV Excelsior,1,1
2026-03-21,Fortuna Sittard,FC Twente '65,1,2
2026-03-21,Sparta Rotterdam,FC Volendam,2,0
2026-03-21,PEC Zwolle,NAC Breda,2,1
2026-03-22,NEC,SC Heerenveen,2,2
2026-03-22,Feyenoord Rotterdam,AFC Ajax,1,1
2026-03-22,FC Utrecht,Go Ahead Eagles,2,0
2026-03-22,FC Groningen,AZ,3,0
2026-03-22,Telstar 1963,PSV,3,1
2026-04-04,PSV,FC Utrecht,4,3
2026-04-04,AZ,Fortuna Sittard,2,0
2026-04-04,Telstar 1963,FC Groningen,0,2
2026-04-04,AFC Ajax,FC Twente '65,1,2
2026-04-04,SBV Excelsior,NEC,0,2
2026-04-05,Go Ahead Eagles,PEC Zwolle,5,0
2026-04-05,SC Heerenveen,Heracles Almelo,4,1
2026-04-05,FC Volendam,Feyenoord Rotterdam,0,0
2026-04-05,NAC Breda,Sparta Rotterdam,0,0
2026-04-10,FC Twente '65,FC Volendam,2,1
2026-04-11,FC Utrecht,Telstar 1963,4,1
2026-04-11,Sparta Rotterdam,PSV,0,2
2026-04-11,FC Groningen,Go Ahead Eagles,0,0
2026-04-11,Heracles Almelo,AFC Ajax,0,3
2026-04-12,Fortuna Sittard,NAC Breda,1,1
2026-04-12,NEC,Feyenoord Rotterdam,1,1
2026-04-12,PEC Zwolle,SBV Excelsior,2,2
2026-04-12,AZ,SC Heerenveen,3,0
2026-04-22,Telstar 1963,Sparta Rotterdam,4,1
2026-04-23,Go Ahead Eagles,AZ,0,0
2026-04-23,PSV,PEC Zwolle,6,1
2026-04-25,Feyenoord Rotterdam,FC Groningen,3,1
2026-04-25,SC Heerenveen,Fortuna Sittard,2,1
2026-04-25,NAC Breda,AFC Ajax,0,2
2026-04-25,FC Twente '65,NEC,1,1
2026-04-26,SBV Excelsior,FC Utrecht,5,0
2026-04-26,Heracles Almelo,FC Volendam,0,2
2026-05-02,FC Utrecht,NAC Breda,2,0
2026-05-02,FC Groningen,SBV Excelsior,2,3
2026-05-02,AFC Ajax,PSV,2,2
2026-05-02,NEC,Telstar 1963,1,1
2026-05-03,FC Volendam,SC Heerenveen,0,2
2026-05-03,Fortuna Sittard,Feyenoord Rotterdam,1,2
2026-05-03,PEC Zwolle,Heracles Almelo,1,0
2026-05-03,AZ,FC Twente '65,2,2
2026-05-03,Sparta Rotterdam,Go Ahead Eagles,2,2
2026-05-10,AFC Ajax,FC Utrecht,1,2
2026-05-10,SBV Excelsior,FC Volendam,1,1
2026-05-10,Feyenoord Rotterdam,AZ,1,1
2026-05-10,Fortuna Sittard,PEC Zwolle,3,2
2026-05-10,Go Ahead Eagles,PSV,1,4
2026-05-10,FC Groningen,NEC,2,1
2026-05-10,NAC Breda,SC Heerenveen,2,0
2026-05-10,Telstar 1963,Heracles Almelo,3,0
2026-05-10,FC Twente '65,Sparta Rotterdam,4,0
2026-05-17,AZ,NAC Breda,3,3
2026-05-17,SC Heerenveen,AFC Ajax,0,0
2026-05-17,Heracles Almelo,FC Groningen,1,2
2026-05-17,NEC,Go Ahead Eagles,2,1
2026-05-17,PSV,FC Twente '65,5,1
2026-05-17,Sparta Rotterdam,SBV Excelsior,2,3
2026-05-17,FC Utrecht,Fortuna Sittard,2,0
2026-05-17,FC Volendam,Telstar 1963,1,2
2026-05-17,PEC Zwolle,Feyenoord Rotterdam,0,2
