2025-08-08,Casa Pia AC,Sporting Clube de Portugal,0,2
2025-08-09,CD Nacional,Gil Vicente FC,0,2
2025-08-09,FC Arouca,AVS,3,1
2025-08-10,FC Famalicão,CD Santa Clara,3,0
2025-08-10,Moreirense FC,FC Alverca,2,1
2025-08-10,Sporting Clube de Braga,CD Tondela,3,0
2025-08-11,FC Porto,Vitória Guimarães,3,0
2025-08-11,GD Estoril Praia,CF Estrela da Amadora,1,1
2025-08-15,AVS,Casa Pia AC,0,2
2025-08-16,CD Tondela,FC Famalicão,0,1
2025-08-16,CF Estrela da Amadora,Sport Lisboa e Benfica,0,1
2025-08-16,Vitória Guimarães,GD Estoril Praia,3,2
2025-08-17,CD Santa Clara,Moreirense FC,0,1
2025-08-17,FC Alverca,Sporting Clube de Braga,0,3
2025-08-17,Rio Ave FC,CD Nacional,1,1
2025-08-17,Sporting Clube de Portugal,FC Arouca,6,0
2025-08-18,Gil Vicente FC,FC Porto,0,2
2025-08-23,CD Nacional,Sporting Clube de Portugal,1,4
2025-08-23,FC Arouca,Rio Ave FC,3,3
2025-08-23,Moreirense FC,Vitória Guimarães,2,0
2025-08-23,Sport Lisboa e Benfica,CD Tondela,3,0
2025-08-24,FC Famalicão,Gil Vicente FC,0,0
2025-08-24,FC Porto,Casa Pia AC,4,0
2025-08-24,Sporting Clube de Braga,AVS,2,2
2025-08-25,CF Estrela da Amadora,FC Alverca,2,2
2025-08-29,Gil Vicente FC,Moreirense FC,2,0
2025-08-30,AVS,FC Famalicão,0,1
2025-08-30,Casa Pia AC,CD Nacional,0,2
2025-08-30,Sporting Clube de Portugal,FC Porto,1,2
2025-08-30,Vitória Guimarães,FC Arouca,1,1
2025-08-31,CD Santa Clara,CF Estrela da Amadora,0,0
2025-08-31,CD Tondela,GD Estoril Praia,2,2
2025-08-31,FC Alverca,Sport Lisboa e Benfica,1,2
2025-08-31,Rio Ave FC,Sporting Clube de Braga,2,2
2025-09-06,GD Estoril Praia,CD Santa Clara,0,1
2025-09-12,FC Alverca,CD Tondela,1,0
2025-09-12,Sport Lisboa e Benfica,CD Santa Clara,1,1
2025-09-13,FC Famalicão,Sporting Clube de Portugal,1,2
2025-09-13,FC Porto,CD Nacional,1,0
2025-09-13,GD Estoril Praia,AVS,3,1
2025-09-13,Moreirense FC,Rio Ave FC,3,1
2025-09-14,CF Estrela da Amadora,Vitória Guimarães,0,2
2025-09-14,FC Arouca,Casa Pia AC,0,2
2025-09-14,Sporting Clube de Braga,Gil Vicente FC,0,1
2025-09-19,Rio Ave FC,FC Porto,0,3
2025-09-20,AVS,Sport Lisboa e Benfica,0,3
2025-09-20,CD Nacional,FC Arouca,1,2
2025-09-20,CD Santa Clara,FC Alverca,2,1
2025-09-20,Vitória Guimarães,Sporting Clube de Braga,1,1
2025-09-21,Casa Pia AC,FC Famalicão,1,1
2025-09-21,CD Tondela,CF Estrela da Amadora,0,0
2025-09-21,Gil Vicente FC,GD Estoril Praia,2,0
2025-09-22,Sporting Clube de Portugal,Moreirense FC,3,0
2025-09-23,Sport Lisboa e Benfica,Rio Ave FC,1,1
2025-09-26,Sport Lisboa e Benfica,Gil Vicente FC,2,1
2025-09-27,CD Santa Clara,CD Tondela,1,2
2025-09-27,CF Estrela da Amadora,AVS,3,0
2025-09-27,GD Estoril Praia,Sporting Clube de Portugal,0,1
2025-09-27,Moreirense FC,Casa Pia AC,2,1
2025-09-28,FC Alverca,Vitória Guimarães,2,0
2025-09-28,FC Famalicão,Rio Ave FC,0,0
2025-09-28,Sporting Clube de Braga,CD Nacional,0,1
2025-09-29,FC Arouca,FC Porto,0,4
2025-10-03,Casa Pia AC,GD Estoril Praia,2,2
2025-10-04,AVS,FC Alverca,1,3
2025-10-04,CD Nacional,Moreirense FC,3,2
2025-10-04,Gil Vicente FC,CF Estrela da Amadora,2,0
2025-10-04,Vitória Guimarães,CD Santa Clara,2,1
2025-10-05,FC Arouca,FC Famalicão,1,1
2025-10-05,FC Porto,Sport Lisboa e Benfica,0,0
2025-10-05,Rio Ave FC,CD Tondela,3,0
2025-10-05,Sporting Clube de Portugal,Sporting Clube de Braga,1,1
2025-10-24,FC Alverca,Gil Vicente FC,0,4
2025-10-25,CD Santa Clara,AVS,2,0
2025-10-25,CF Estrela da Amadora,Rio Ave FC,1,2
2025-10-25,Sport Lisboa e Benfica,FC Arouca,5,0
2025-10-26,CD Tondela,Sporting Clube de Portugal,0,3
2025-10-26,FC Famalicão,Vitória Guimarães,2,0
2025-10-26,GD Estoril Praia,CD Nacional,1,1
2025-10-26,Sporting Clube de Braga,Casa Pia AC,4,0
2025-10-27,Moreirense FC,FC Porto,1,2
2025-10-31,Sporting Clube de Portugal,FC Alverca,2,0
2025-11-01,Casa Pia AC,CF Estrela da Amadora,3,5
2025-11-01,CD Nacional,FC Famalicão,0,1
2025-11-01,Rio Ave FC,GD Estoril Praia,0,4
2025-11-01,Vitória Guimarães,Sport Lisboa e Benfica,0,3
2025-11-02,AVS,CD Tondela,2,2
2025-11-02,FC Arouca,Moreirense FC,0,2
2025-11-02,FC Porto,Sporting Clube de Braga,2,1
2025-11-03,Gil Vicente FC,CD Santa Clara,1,0
2025-11-07,GD Estoril Praia,FC Arouca,4,3
2025-11-08,CD Santa Clara,Sporting Clube de Portugal,1,2
2025-11-08,CD Tondela,Vitória Guimarães,0,1
2025-11-08,FC Alverca,Rio Ave FC,1,1
2025-11-09,AVS,Gil Vicente FC,1,1
2025-11-09,CF Estrela da Amadora,CD Nacional,1,1
2025-11-09,FC Famalicão,FC Porto,0,1
2025-11-09,Sport Lisboa e Benfica,Casa Pia AC,2,2
2025-11-09,Sporting Clube de Braga,Moreirense FC,2,1
2025-11-28,Vitória Guimarães,AVS,4,0
2025-11-29,Casa Pia AC,FC Alverca,0,2
2025-11-29,CD Nacional,Sport Lisboa e Benfica,1,2
2025-11-29,Gil Vicente FC,CD Tondela,0,1
2025-11-29,Moreirense FC,FC Famalicão,2,2
2025-11-30,FC Porto,GD Estoril Praia,1,0
2025-11-30,Rio Ave FC,CD Santa Clara,1,1
2025-11-30,Sporting Clube de Portugal,CF Estrela da Amadora,4,0
2025-12-01,FC Arouca,Sporting Clube de Braga,0,4
2025-12-05,Sport Lisboa e Benfica,Sporting Clube de Portugal,1,1
2025-12-06,AVS,Rio Ave FC,1,2
2025-12-06,CD Santa Clara,Casa Pia AC,1,0
2025-12-06,FC Famalicão,Sporting Clube de Braga,1,2
2025-12-07,CD Tondela,FC Porto,0,2
2025-12-07,CF Estrela da Amadora,FC Arouca,3,1
2025-12-07,FC Alverca,CD Nacional,1,0
2025-12-07,GD Estoril Praia,Moreirense FC,3,3
2025-12-08,Vitória Guimarães,Gil Vicente FC,0,0
2025-12-13,Casa Pia AC,Gil Vicente FC,1,1
2025-12-13,Rio Ave FC,Vitória Guimarães,0,1
2025-12-13,Sporting Clube de Portugal,AVS,6,0
2025-12-14,FC Arouca,FC Alverca,1,0
2025-12-14,FC Famalicão,GD Estoril Praia,4,0
2025-12-14,Moreirense FC,Sport Lisboa e Benfica,0,4
2025-12-15,CD Nacional,CD Tondela,3,1
2025-12-15,FC Porto,CF Estrela da Amadora,3,1
2025-12-15,Sporting Clube de Braga,CD Santa Clara,1,0
2025-12-19,GD Estoril Praia,Sporting Clube de Braga,1,0
2025-12-20,CF Estrela da Amadora,Moreirense FC,0,0
2025-12-20,Gil Vicente FC,Rio Ave FC,2,2
2025-12-21,AVS,CD Nacional,2,2
2025-12-21,CD Santa Clara,FC Arouca,0,0
2025-12-21,CD Tondela,Casa Pia AC,1,2
2025-12-22,FC Alverca,FC Porto,0,3
2025-12-22,Sport Lisboa e Benfica,FC Famalicão,1,0
2025-12-23,Vitória Guimarães,Sporting Clube de Portugal,1,4
2025-12-27,FC Famalicão,CF Estrela da Amadora,2,3
2025-12-27,GD Estoril Praia,FC Alverca,4,1
2025-12-28,Casa Pia AC,Vitória Guimarães,0,0
2025-12-28,FC Arouca,Gil Vicente FC,2,2
2025-12-28,Sporting Clube de Braga,Sport Lisboa e Benfica,2,2
2025-12-28,Sporting Clube de Portugal,Rio Ave FC,4,0
2025-12-29,FC Porto,AVS,2,0
2026-01-02,Gil Vicente FC,Sporting Clube de Portugal,1,1
2026-01-02,Vitória Guimarães,CD Nacional,2,1
2026-01-03,AVS,Moreirense FC,0,2
2026-01-03,CD Tondela,FC Arouca,3,1
2026-01-03,CF Estrela da Amadora,Sporting Clube de Braga,3,3
2026-01-03,Sport Lisboa e Benfica,GD Estoril Praia,3,1
2026-01-04,CD Santa Clara,FC Porto,0,1
2026-01-04,FC Alverca,FC Famalicão,1,0
2026-01-04,Rio Ave FC,Casa Pia AC,3,1
2026-01-11,CD Nacional,CD Santa Clara,3,3
2026-01-11,Moreirense FC,CD Tondela,1,0
2026-01-16,Sporting Clube de Portugal,Casa Pia AC,3,0
2026-01-17,AVS,FC Arouca,0,1
2026-01-17,FC Alverca,Moreirense FC,2,1
2026-01-17,Gil Vicente FC,CD Nacional,2,1
2026-01-17,Rio Ave FC,Sport Lisboa e Benfica,0,2
2026-01-18,CD Santa Clara,FC Famalicão,0,1
2026-01-18,CD Tondela,Sporting Clube de Braga,0,1
2026-01-18,Vitória Guimarães,FC Porto,0,1
2026-01-19,CF Estrela da Amadora,GD Estoril Praia,0,5
2026-01-23,Casa Pia AC,AVS,3,3
2026-01-24,FC Arouca,Sporting Clube de Portugal,1,2
2026-01-24,GD Estoril Praia,Vitória Guimarães,4,2
2026-01-24,Moreirense FC,CD Santa Clara,1,0
2026-01-25,CD Nacional,Rio Ave FC,4,0
2026-01-25,FC Famalicão,CD Tondela,3,0
2026-01-25,Sport Lisboa e Benfica,CF Estrela da Amadora,4,0
2026-01-25,Sporting Clube de Braga,FC Alverca,5,0
2026-01-26,FC Porto,Gil Vicente FC,3,0
2026-01-30,Vitória Guimarães,Moreirense FC,1,0
2026-01-31,CD Santa Clara,GD Estoril Praia,2,4
2026-01-31,FC Alverca,CF Estrela da Amadora,1,1
2026-01-31,Rio Ave FC,FC Arouca,0,3
2026-02-01,CD Tondela,Sport Lisboa e Benfica,0,0
2026-02-01,Gil Vicente FC,FC Famalicão,5,0
2026-02-01,Sporting Clube de Portugal,CD Nacional,2,1
2026-02-02,AVS,Sporting Clube de Braga,0,4
2026-02-02,Casa Pia AC,FC Porto,2,1
2026-02-07,CF Estrela da Amadora,CD Santa Clara,1,0
2026-02-07,FC Arouca,Vitória Guimarães,3,2
2026-02-07,GD Estoril Praia,CD Tondela,2,2
2026-02-07,Moreirense FC,Gil Vicente FC,1,2
2026-02-08,CD Nacional,Casa Pia AC,0,0
2026-02-08,Sport Lisboa e Benfica,FC Alverca,2,1
2026-02-08,Sporting Clube de Braga,Rio Ave FC,3,0
2026-02-09,FC Famalicão,AVS,3,1
2026-02-09,FC Porto,Sporting Clube de Portugal,1,1
2026-02-13,CD Santa Clara,Sport Lisboa e Benfica,1,2
2026-02-13,CD Tondela,FC Alverca,1,1
2026-02-14,Casa Pia AC,FC Arouca,3,2
2026-02-14,Gil Vicente FC,Sporting Clube de Braga,2,1
2026-02-14,Vitória Guimarães,CF Estrela da Amadora,2,1
2026-02-15,AVS,GD Estoril Praia,3,0
2026-02-15,CD Nacional,FC Porto,0,1
2026-02-15,Sporting Clube de Portugal,FC Famalicão,1,0
2026-02-16,Rio Ave FC,Moreirense FC,1,2
2026-02-20,CF Estrela da Amadora,CD Tondela,0,2
2026-02-21,FC Alverca,CD Santa Clara,1,1
2026-02-21,FC Arouca,CD Nacional,3,0
2026-02-21,Moreirense FC,Sporting Clube de Portugal,0,3
2026-02-21,Sport Lisboa e Benfica,AVS,3,0
2026-02-21,Sporting Clube de Braga,Vitória Guimarães,3,2
2026-02-22,FC Porto,Rio Ave FC,1,0
2026-02-22,GD Estoril Praia,Gil Vicente FC,3,1
2026-02-23,FC Famalicão,Casa Pia AC,2,0
2026-02-27,FC Porto,FC Arouca,3,1
2026-02-27,Sporting Clube de Portugal,GD Estoril Praia,3,0
2026-02-28,AVS,CF Estrela da Amadora,0,0
2026-02-28,CD Nacional,Sporting Clube de Braga,1,2
2026-02-28,Vitória Guimarães,FC Alverca,1,1
2026-03-01,Casa Pia AC,Moreirense FC,1,1
2026-03-01,CD Tondela,CD Santa Clara,2,2
2026-03-01,Rio Ave FC,FC Famalicão,0,0
2026-03-02,Gil Vicente FC,Sport Lisboa e Benfica,1,2
2026-03-06,FC Famalicão,FC Arouca,1,0
2026-03-07,FC Alverca,AVS,0,0
2026-03-07,GD Estoril Praia,Casa Pia AC,0,0
2026-03-07,Moreirense FC,CD Nacional,1,1
2026-03-07,Sporting Clube de Braga,Sporting Clube de Portugal,2,2
2026-03-08,CD Santa Clara,Vitória Guimarães,2,0
2026-03-08,CF Estrela da Amadora,Gil Vicente FC,2,2
2026-03-08,Sport Lisboa e Benfica,FC Porto,2,2
2026-03-09,CD Tondela,Rio Ave FC,0,1
2026-03-14,FC Arouca,Sport Lisboa e Benfica,1,2
2026-03-14,Gil Vicente FC,FC Alverca,2,2
2026-03-14,Vitória Guimarães,FC Famalicão,1,2
2026-03-15,AVS,CD Santa Clara,0,1
2026-03-15,CD Nacional,GD Estoril Praia,0,1
2026-03-15,FC Porto,Moreirense FC,3,0
2026-03-15,Rio Ave FC,CF Estrela da Amadora,2,1
2026-03-20,CF Estrela da Amadora,Casa Pia AC,4,0
2026-03-21,CD Santa Clara,Gil Vicente FC,1,0
2026-03-21,CD Tondela,AVS,0,0
2026-03-21,FC Famalicão,CD Nacional,1,0
2026-03-21,Moreirense FC,FC Arouca,0,1
2026-03-21,Sport Lisboa e Benfica,Vitória Guimarães,3,0
2026-03-22,FC Alverca,Sporting Clube de Portugal,1,4
2026-03-22,GD Estoril Praia,Rio Ave FC,1,2
2026-03-22,Sporting Clube de Braga,FC Porto,1,2
2026-04-03,Gil Vicente FC,AVS,3,0
2026-04-03,Sporting Clube de Portugal,CD Santa Clara,4,2
2026-04-03,Vitória Guimarães,CD Tondela,5,0
2026-04-04,CD Nacional,CF Estrela da Amadora,2,0
2026-04-04,FC Porto,FC Famalicão,2,2
2026-04-04,Moreirense FC,Sporting Clube de Braga,0,1
2026-04-04,Rio Ave FC,FC Alverca,1,2
2026-04-06,Casa Pia AC,Sport Lisboa e Benfica,1,1
2026-04-06,FC Arouca,GD Estoril Praia,3,2
2026-04-10,FC Famalicão,Moreirense FC,1,1
2026-04-11,AVS,Vitória Guimarães,1,1
2026-04-11,CD Santa Clara,Rio Ave FC,0,2
2026-04-11,CF Estrela da Amadora,Sporting Clube de Portugal,0,1
2026-04-12,FC Alverca,Casa Pia AC,3,1
2026-04-12,GD Estoril Praia,FC Porto,1,3
2026-04-12,Sport Lisboa e Benfica,CD Nacional,2,0
2026-04-12,Sporting Clube de Braga,FC Arouca,1,0
2026-04-13,CD Tondela,Gil Vicente FC,2,2
2026-04-17,Rio Ave FC,AVS,2,2
2026-04-18,Casa Pia AC,CD Santa Clara,0,0
2026-04-18,CD Nacional,FC Alverca,1,0
2026-04-18,Gil Vicente FC,Vitória Guimarães,0,1
2026-04-19,FC Arouca,CF Estrela da Amadora,1,0
2026-04-19,FC Porto,CD Tondela,2,0
2026-04-19,Sporting Clube de Braga,FC Famalicão,2,2
2026-04-19,Sporting Clube de Portugal,Sport Lisboa e Benfica,1,2
2026-04-20,Moreirense FC,GD Estoril Praia,1,0
2026-04-23,Casa Pia AC,Sporting Clube de Braga,0,1
2026-04-24,FC Alverca,FC Arouca,2,1
2026-04-25,CD Tondela,CD Nacional,0,2
2026-04-25,Sport Lisboa e Benfica,Moreirense FC,4,1
2026-04-25,Vitória Guimarães,Rio Ave FC,2,0
2026-04-26,AVS,Sporting Clube de Portugal,1,1
2026-04-26,CD Santa Clara,Sporting Clube de Braga,2,1
2026-04-26,CF Estrela da Amadora,FC Porto,1,2
2026-04-26,GD Estoril Praia,FC Famalicão,0,1
2026-04-27,Gil Vicente FC,Casa Pia AC,2,1
2026-04-29,Sporting Clube de Portugal,CD Tondela,2,2
2026-05-02,CD Nacional,AVS,1,2
2026-05-02,FC Arouca,CD Santa Clara,2,2
2026-05-02,FC Famalicão,Sport Lisboa e Benfica,2,2
2026-05-02,FC Porto,FC Alverca,1,0
2026-05-02,Moreirense FC,CF Estrela da Amadora,3,2
2026-05-03,Casa Pia AC,CD Tondela,0,1
2026-05-03,Rio Ave FC,Gil Vicente FC,0,0
2026-05-03,Sporting Clube de Braga,GD Estoril Praia,1,1
2026-05-04,Sporting Clube de Portugal,Vitória Guimarães,5,1
2026-05-10,AVS,FC Porto,3,1
2026-05-10,FC Alverca,GD Estoril Praia,1,1
2026-05-11,CD Santa Clara,CD Nacional,2,0
2026-05-11,CD Tondela,Moreirense FC,2,0
2026-05-11,CF Estrela da Amadora,FC Famalicão,0,0
2026-05-11,Gil Vicente FC,FC Arouca,1,3
2026-05-11,Rio Ave FC,Sporting Clube de Portugal,1,4
2026-05-11,Sport Lisboa e Benfica,Sporting Clube de Braga,2,2
2026-05-11,Vitória Guimarães,Casa Pia AC,0,1
2026-05-16,Casa Pia AC,Rio Ave FC,1,1
2026-05-16,CD Nacional,Vitória Guimarães,2,0
2026-05-16,FC Arouca,CD Tondela,3,1
2026-05-16,FC Famalicão,FC Alverca,1,0
2026-05-16,FC Porto,CD Santa Clara,1,0
2026-05-16,GD Estoril Praia,Sport Lisboa e Benfica,1,3
2026-05-16,Moreirense FC,AVS,0,0
2026-05-16,Sporting Clube de Braga,CF Estrela da Amadora,2,2
2026-05-16,Sporting Clube de Portugal,Gil Vicente FC,3,0
