2025-02-14,Gamba Osaka,Cerezo Osaka,2,5
2025-02-15,Avispa Fukuoka,Kashiwa Reysol,0,1
2025-02-15,Kawasaki Frontale,Nagoya Grampus,4,0
2025-02-15,Okayama,Kyoto,2,0
2025-02-15,Shonan Bellmare,Kashima Antlers,1,0
2025-02-15,Vissel Kobe,Urawa Reds,0,0
2025-02-15,Yokohama F. Marinos,Albirex Niigata,1,1
2025-02-15,Yokohama FC,FC Tokyo,0,1
2025-02-16,Machida,Sanfrecce Hiroshima,1,2
2025-02-16,Verdy,Shimizu S-Pulse,0,1
2025-02-22,Cerezo Osaka,Shonan Bellmare,1,2
2025-02-22,FC Tokyo,Machida,0,1
2025-02-22,Gamba Osaka,Avispa Fukuoka,2,1
2025-02-22,Kashima Antlers,Verdy,4,0
2025-02-22,Kashiwa Reysol,Kawasaki Frontale,1,1
2025-02-22,Kyoto,Urawa Reds,1,1
2025-02-22,Nagoya Grampus,Vissel Kobe,2,2
2025-02-22,Shimizu S-Pulse,Albirex Niigata,2,0
2025-02-22,Yokohama FC,Okayama,1,0
2025-02-23,Sanfrecce Hiroshima,Yokohama F. Marinos,1,0
2025-02-26,Avispa Fukuoka,Kawasaki Frontale,1,2
2025-02-26,FC Tokyo,Nagoya Grampus,3,1
2025-02-26,Kashima Antlers,Albirex Niigata,2,1
2025-02-26,Kashiwa Reysol,Cerezo Osaka,2,1
2025-02-26,Machida,Verdy,0,1
2025-02-26,Okayama,Gamba Osaka,2,0
2025-02-26,Shimizu S-Pulse,Sanfrecce Hiroshima,1,1
2025-02-26,Shonan Bellmare,Urawa Reds,2,1
2025-02-26,Vissel Kobe,Kyoto,1,1
2025-02-26,Yokohama F. Marinos,Yokohama FC,0,0
2025-03-01,Kashima Antlers,FC Tokyo,2,0
2025-03-01,Kawasaki Frontale,Kyoto,0,1
2025-03-01,Vissel Kobe,Avispa Fukuoka,0,1
2025-03-01,Yokohama F. Marinos,Shonan Bellmare,1,1
2025-03-02,Albirex Niigata,Cerezo Osaka,2,2
2025-03-02,Nagoya Grampus,Machida,1,2
2025-03-02,Okayama,Shimizu S-Pulse,1,1
2025-03-02,Sanfrecce Hiroshima,Yokohama FC,1,0
2025-03-02,Urawa Reds,Kashiwa Reysol,0,2
2025-03-02,Verdy,Gamba Osaka,0,1
2025-03-08,Albirex Niigata,Verdy,2,2
2025-03-08,Cerezo Osaka,Nagoya Grampus,1,1
2025-03-08,FC Tokyo,Shonan Bellmare,0,0
2025-03-08,Gamba Osaka,Shimizu S-Pulse,1,0
2025-03-08,Kashiwa Reysol,Kashima Antlers,1,3
2025-03-08,Urawa Reds,Okayama,1,0
2025-03-08,Yokohama FC,Machida,0,2
2025-03-09,Kyoto,Avispa Fukuoka,0,1
2025-03-15,Avispa Fukuoka,FC Tokyo,1,0
2025-03-15,Machida,Albirex Niigata,1,0
2025-03-15,Verdy,Nagoya Grampus,2,1
2025-03-15,Yokohama FC,Cerezo Osaka,2,0
2025-03-16,Kashima Antlers,Urawa Reds,1,1
2025-03-16,Okayama,Kawasaki Frontale,0,0
2025-03-16,Sanfrecce Hiroshima,Kashiwa Reysol,1,1
2025-03-16,Shimizu S-Pulse,Kyoto,1,2
2025-03-16,Shonan Bellmare,Vissel Kobe,1,2
2025-03-16,Yokohama F. Marinos,Gamba Osaka,2,0
2025-03-28,Cerezo Osaka,Urawa Reds,1,1
2025-03-29,Albirex Niigata,Gamba Osaka,3,3
2025-03-29,Avispa Fukuoka,Machida,2,2
2025-03-29,FC Tokyo,Kawasaki Frontale,0,3
2025-03-29,Kashima Antlers,Vissel Kobe,1,0
2025-03-29,Kashiwa Reysol,Verdy,0,0
2025-03-29,Kyoto,Sanfrecce Hiroshima,1,0
2025-03-29,Nagoya Grampus,Yokohama FC,2,1
2025-03-29,Okayama,Yokohama F. Marinos,1,0
2025-03-29,Shimizu S-Pulse,Shonan Bellmare,3,0
2025-04-02,Albirex Niigata,Avispa Fukuoka,0,1
2025-04-02,Cerezo Osaka,Okayama,2,1
2025-04-02,Gamba Osaka,Machida,0,1
2025-04-02,Kawasaki Frontale,Shonan Bellmare,2,0
2025-04-02,Kyoto,Kashiwa Reysol,1,1
2025-04-02,Nagoya Grampus,Yokohama F. Marinos,2,0
2025-04-02,Sanfrecce Hiroshima,Kashima Antlers,1,0
2025-04-02,Urawa Reds,Shimizu S-Pulse,2,1
2025-04-02,Verdy,FC Tokyo,2,2
2025-04-02,Yokohama FC,Vissel Kobe,0,1
2025-04-05,Yokohama F. Marinos,Verdy,0,0
2025-04-06,Avispa Fukuoka,Urawa Reds,1,0
2025-04-06,Kashima Antlers,Kyoto,3,4
2025-04-06,Kashiwa Reysol,Gamba Osaka,1,0
2025-04-06,Machida,Kawasaki Frontale,2,2
2025-04-06,Okayama,FC Tokyo,1,0
2025-04-06,Sanfrecce Hiroshima,Cerezo Osaka,2,1
2025-04-06,Shonan Bellmare,Nagoya Grampus,2,1
2025-04-06,Vissel Kobe,Albirex Niigata,0,1
2025-04-06,Yokohama FC,Shimizu S-Pulse,2,0
2025-04-09,Kawasaki Frontale,Yokohama F. Marinos,3,3
2025-04-11,FC Tokyo,Kashiwa Reysol,1,1
2025-04-12,Avispa Fukuoka,Yokohama F. Marinos,2,1
2025-04-12,Cerezo Osaka,Kashima Antlers,1,0
2025-04-12,Gamba Osaka,Nagoya Grampus,2,0
2025-04-12,Kyoto,Shonan Bellmare,2,0
2025-04-12,Sanfrecce Hiroshima,Okayama,0,1
2025-04-12,Shimizu S-Pulse,Kawasaki Frontale,1,1
2025-04-12,Verdy,Vissel Kobe,0,1
2025-04-13,Albirex Niigata,Yokohama FC,0,0
2025-04-13,Machida,Urawa Reds,0,2
2025-04-16,Urawa Reds,Kyoto,2,1
2025-04-16,Vissel Kobe,Kawasaki Frontale,2,1
2025-04-16,Yokohama F. Marinos,Shimizu S-Pulse,2,3
2025-04-19,Albirex Niigata,Kyoto,1,2
2025-04-20,Cerezo Osaka,FC Tokyo,1,1
2025-04-20,Kawasaki Frontale,Verdy,0,0
2025-04-20,Nagoya Grampus,Sanfrecce Hiroshima,2,1
2025-04-20,Okayama,Kashima Antlers,1,2
2025-04-20,Shimizu S-Pulse,Avispa Fukuoka,3,1
2025-04-20,Shonan Bellmare,Kashiwa Reysol,0,1
2025-04-20,Urawa Reds,Yokohama F. Marinos,3,1
2025-04-20,Vissel Kobe,Machida,1,0
2025-04-20,Yokohama FC,Gamba Osaka,1,1
2025-04-25,Avispa Fukuoka,Okayama,1,1
2025-04-25,FC Tokyo,Gamba Osaka,3,0
2025-04-25,Kashima Antlers,Nagoya Grampus,1,0
2025-04-25,Kyoto,Yokohama FC,2,1
2025-04-25,Machida,Shonan Bellmare,0,1
2025-04-25,Urawa Reds,Sanfrecce Hiroshima,1,0
2025-04-25,Verdy,Cerezo Osaka,1,0
2025-04-26,Kashiwa Reysol,Albirex Niigata,1,1
2025-04-29,Cerezo Osaka,Machida,1,2
2025-04-29,FC Tokyo,Shimizu S-Pulse,0,2
2025-04-29,Gamba Osaka,Kyoto,2,1
2025-04-29,Nagoya Grampus,Kashiwa Reysol,1,2
2025-04-29,Okayama,Verdy,0,1
2025-04-29,Sanfrecce Hiroshima,Albirex Niigata,0,1
2025-04-29,Shonan Bellmare,Avispa Fukuoka,0,0
2025-04-29,Yokohama FC,Kashima Antlers,0,3
2025-05-03,Albirex Niigata,FC Tokyo,2,3
2025-05-03,Gamba Osaka,Shonan Bellmare,4,0
2025-05-03,Kashima Antlers,Machida,1,0
2025-05-03,Kyoto,Cerezo Osaka,2,3
2025-05-03,Sanfrecce Hiroshima,Avispa Fukuoka,2,1
2025-05-03,Shimizu S-Pulse,Nagoya Grampus,0,3
2025-05-03,Urawa Reds,Verdy,2,0
2025-05-03,Vissel Kobe,Okayama,2,0
2025-05-06,Avispa Fukuoka,Kashima Antlers,0,1
2025-05-06,Kashiwa Reysol,Shimizu S-Pulse,1,0
2025-05-06,Nagoya Grampus,Okayama,0,0
2025-05-06,Urawa Reds,Gamba Osaka,0,1
2025-05-06,Verdy,Yokohama FC,2,0
2025-05-06,Vissel Kobe,Cerezo Osaka,1,3
2025-05-07,Machida,Kyoto,1,2
2025-05-07,Shonan Bellmare,Sanfrecce Hiroshima,0,1
2025-05-10,FC Tokyo,Vissel Kobe,1,0
2025-05-10,Kashiwa Reysol,Okayama,2,0
2025-05-10,Yokohama FC,Avispa Fukuoka,1,0
2025-05-11,Albirex Niigata,Urawa Reds,1,1
2025-05-11,Cerezo Osaka,Yokohama F. Marinos,1,0
2025-05-11,Gamba Osaka,Sanfrecce Hiroshima,0,1
2025-05-11,Kashima Antlers,Kawasaki Frontale,2,1
2025-05-11,Kyoto,Nagoya Grampus,1,1
2025-05-11,Shimizu S-Pulse,Machida,2,2
2025-05-11,Verdy,Shonan Bellmare,0,2
2025-05-14,Kawasaki Frontale,Yokohama FC,2,1
2025-05-14,Yokohama F. Marinos,Kashiwa Reysol,0,2
2025-05-17,Avispa Fukuoka,Nagoya Grampus,1,1
2025-05-17,Kashima Antlers,Shimizu S-Pulse,1,0
2025-05-17,Machida,Kashiwa Reysol,3,0
2025-05-17,Sanfrecce Hiroshima,Verdy,2,1
2025-05-17,Shonan Bellmare,Yokohama FC,0,1
2025-05-17,Urawa Reds,FC Tokyo,3,2
2025-05-17,Vissel Kobe,Gamba Osaka,3,2
2025-05-17,Yokohama F. Marinos,Kyoto,0,3
2025-05-18,Kawasaki Frontale,Cerezo Osaka,2,0
2025-05-18,Okayama,Albirex Niigata,2,1
2025-05-21,Kawasaki Frontale,Urawa Reds,2,2
2025-05-21,Yokohama F. Marinos,Vissel Kobe,1,2
2025-05-24,Cerezo Osaka,Avispa Fukuoka,2,0
2025-05-24,Nagoya Grampus,Urawa Reds,2,1
2025-05-25,Albirex Niigata,Shonan Bellmare,2,1
2025-05-25,FC Tokyo,Sanfrecce Hiroshima,0,3
2025-05-25,Kawasaki Frontale,Gamba Osaka,2,2
2025-05-25,Okayama,Machida,2,2
2025-05-25,Shimizu S-Pulse,Vissel Kobe,3,2
2025-05-25,Verdy,Kyoto,1,0
2025-05-25,Yokohama F. Marinos,Kashima Antlers,3,1
2025-05-25,Yokohama FC,Kashiwa Reysol,1,1
2025-05-28,Urawa Reds,Cerezo Osaka,0,0
2025-05-31,Avispa Fukuoka,Verdy,0,0
2025-05-31,Gamba Osaka,Kashima Antlers,0,1
2025-05-31,Kashiwa Reysol,Vissel Kobe,1,3
2025-05-31,Kyoto,FC Tokyo,3,0
2025-05-31,Machida,Yokohama F. Marinos,0,3
2025-05-31,Nagoya Grampus,Albirex Niigata,3,0
2025-05-31,Sanfrecce Hiroshima,Kawasaki Frontale,1,2
2025-06-01,Cerezo Osaka,Shimizu S-Pulse,4,2
2025-06-01,Shonan Bellmare,Okayama,1,1
2025-06-01,Urawa Reds,Yokohama FC,2,1
2025-06-14,FC Tokyo,Cerezo Osaka,2,2
2025-06-14,Kashima Antlers,Sanfrecce Hiroshima,1,1
2025-06-14,Shonan Bellmare,Machida,1,2
2025-06-14,Yokohama FC,Kawasaki Frontale,0,1
2025-06-15,Albirex Niigata,Yokohama F. Marinos,1,0
2025-06-15,Okayama,Avispa Fukuoka,0,1
2025-06-15,Shimizu S-Pulse,Gamba Osaka,0,0
2025-06-15,Verdy,Kashiwa Reysol,0,3
2025-06-15,Vissel Kobe,Nagoya Grampus,2,1
2025-06-21,Avispa Fukuoka,Albirex Niigata,3,2
2025-06-21,Cerezo Osaka,Verdy,2,1
2025-06-21,Kashiwa Reysol,Kyoto,3,3
2025-06-21,Kawasaki Frontale,Vissel Kobe,1,2
2025-06-21,Machida,Kashima Antlers,2,1
2025-06-21,Nagoya Grampus,Shimizu S-Pulse,1,1
2025-06-21,Yokohama F. Marinos,Okayama,0,1
2025-06-22,Gamba Osaka,FC Tokyo,2,0
2025-06-22,Yokohama FC,Sanfrecce Hiroshima,0,4
2025-06-25,Kawasaki Frontale,Albirex Niigata,3,1
2025-06-25,Yokohama F. Marinos,FC Tokyo,0,3
2025-06-28,Avispa Fukuoka,Vissel Kobe,0,0
2025-06-28,FC Tokyo,Yokohama FC,2,1
2025-06-28,Kashima Antlers,Okayama,1,2
2025-06-28,Kyoto,Gamba Osaka,3,1
2025-06-28,Sanfrecce Hiroshima,Nagoya Grampus,1,2
2025-06-28,Shimizu S-Pulse,Kashiwa Reysol,0,2
2025-06-28,Shonan Bellmare,Yokohama F. Marinos,1,1
2025-06-29,Albirex Niigata,Machida,0,4
2025-06-29,Verdy,Kawasaki Frontale,1,0
2025-07-02,Vissel Kobe,Sanfrecce Hiroshima,1,0
2025-07-05,Cerezo Osaka,Gamba Osaka,0,1
2025-07-05,Kashiwa Reysol,FC Tokyo,1,0
2025-07-05,Kawasaki Frontale,Kashima Antlers,2,1
2025-07-05,Kyoto,Albirex Niigata,2,1
2025-07-05,Machida,Shimizu S-Pulse,3,0
2025-07-05,Nagoya Grampus,Verdy,0,0
2025-07-05,Okayama,Sanfrecce Hiroshima,0,1
2025-07-05,Vissel Kobe,Shonan Bellmare,4,0
2025-07-05,Yokohama FC,Yokohama F. Marinos,0,1
2025-07-19,FC Tokyo,Urawa Reds,3,2
2025-07-19,Shonan Bellmare,Cerezo Osaka,3,3
2025-07-20,Albirex Niigata,Sanfrecce Hiroshima,0,2
2025-07-20,Gamba Osaka,Kawasaki Frontale,2,1
2025-07-20,Kashima Antlers,Kashiwa Reysol,3,2
2025-07-20,Okayama,Vissel Kobe,1,2
2025-07-20,Shimizu S-Pulse,Yokohama FC,2,0
2025-07-20,Verdy,Machida,0,1
2025-07-20,Yokohama F. Marinos,Nagoya Grampus,3,0
2025-07-21,Avispa Fukuoka,Kyoto,2,2
2025-07-23,Urawa Reds,Shonan Bellmare,4,1
2025-07-27,Urawa Reds,Avispa Fukuoka,0,0
2025-08-09,Kawasaki Frontale,Avispa Fukuoka,2,5
2025-08-09,Verdy,Yokohama F. Marinos,1,0
2025-08-09,Yokohama FC,Urawa Reds,1,2
2025-08-10,FC Tokyo,Kashima Antlers,0,1
2025-08-10,Gamba Osaka,Okayama,0,3
2025-08-10,Kashiwa Reysol,Shonan Bellmare,2,0
2025-08-10,Machida,Vissel Kobe,2,0
2025-08-10,Nagoya Grampus,Kyoto,1,2
2025-08-10,Sanfrecce Hiroshima,Shimizu S-Pulse,0,0
2025-08-11,Cerezo Osaka,Albirex Niigata,3,1
2025-08-16,Albirex Niigata,Kawasaki Frontale,1,1
2025-08-16,Kashima Antlers,Avispa Fukuoka,1,1
2025-08-16,Kyoto,Verdy,1,0
2025-08-16,Machida,Cerezo Osaka,3,0
2025-08-16,Sanfrecce Hiroshima,Gamba Osaka,1,0
2025-08-16,Shimizu S-Pulse,Yokohama F. Marinos,1,3
2025-08-16,Shonan Bellmare,FC Tokyo,2,2
2025-08-16,Urawa Reds,Nagoya Grampus,2,1
2025-08-16,Vissel Kobe,Yokohama FC,0,1
2025-08-17,Okayama,Kashiwa Reysol,2,1
2025-08-20,Machida,Gamba Osaka,3,1
2025-08-20,Sanfrecce Hiroshima,Vissel Kobe,0,1
2025-08-22,Kashiwa Reysol,Urawa Reds,4,2
2025-08-23,Albirex Niigata,Kashima Antlers,1,2
2025-08-23,Avispa Fukuoka,Shimizu S-Pulse,0,0
2025-08-23,Cerezo Osaka,Vissel Kobe,1,1
2025-08-23,Gamba Osaka,Yokohama FC,3,2
2025-08-23,Nagoya Grampus,Kawasaki Frontale,3,4
2025-08-23,Okayama,Shonan Bellmare,1,0
2025-08-23,Verdy,Sanfrecce Hiroshima,0,3
2025-08-23,Yokohama F. Marinos,Machida,0,0
2025-08-24,FC Tokyo,Kyoto,0,4
2025-08-30,Kyoto,Okayama,5,0
2025-08-30,Vissel Kobe,Yokohama F. Marinos,1,0
2025-08-30,Yokohama FC,Verdy,0,0
2025-08-31,Cerezo Osaka,Sanfrecce Hiroshima,1,1
2025-08-31,Kashiwa Reysol,Avispa Fukuoka,2,1
2025-08-31,Kawasaki Frontale,Machida,5,3
2025-08-31,Nagoya Grampus,FC Tokyo,1,1
2025-08-31,Shimizu S-Pulse,Kashima Antlers,1,1
2025-08-31,Shonan Bellmare,Gamba Osaka,4,5
2025-08-31,Urawa Reds,Albirex Niigata,1,0
2025-09-12,Machida,Yokohama FC,1,1
2025-09-12,Sanfrecce Hiroshima,Kyoto,1,1
2025-09-12,Vissel Kobe,Kashiwa Reysol,0,0
2025-09-13,Albirex Niigata,Shimizu S-Pulse,0,1
2025-09-13,Avispa Fukuoka,Cerezo Osaka,2,4
2025-09-13,Gamba Osaka,Urawa Reds,1,0
2025-09-13,Kashima Antlers,Shonan Bellmare,3,0
2025-09-13,Okayama,Nagoya Grampus,0,1
2025-09-13,Yokohama F. Marinos,Kawasaki Frontale,0,3
2025-09-15,FC Tokyo,Verdy,1,0
2025-09-20,Cerezo Osaka,Kashiwa Reysol,1,1
2025-09-20,Kawasaki Frontale,FC Tokyo,0,1
2025-09-20,Kyoto,Shimizu S-Pulse,0,1
2025-09-20,Nagoya Grampus,Shonan Bellmare,3,1
2025-09-20,Urawa Reds,Kashima Antlers,0,1
2025-09-20,Verdy,Okayama,4,2
2025-09-20,Yokohama F. Marinos,Avispa Fukuoka,2,0
2025-09-20,Yokohama FC,Albirex Niigata,1,0
2025-09-23,Albirex Niigata,Nagoya Grampus,0,0
2025-09-23,FC Tokyo,Avispa Fukuoka,1,0
2025-09-23,Gamba Osaka,Yokohama F. Marinos,3,1
2025-09-23,Kashima Antlers,Cerezo Osaka,3,1
2025-09-23,Kashiwa Reysol,Sanfrecce Hiroshima,0,0
2025-09-23,Kyoto,Machida,1,1
2025-09-23,Okayama,Yokohama FC,0,0
2025-09-23,Shimizu S-Pulse,Urawa Reds,0,0
2025-09-23,Shonan Bellmare,Kawasaki Frontale,1,2
2025-09-23,Vissel Kobe,Verdy,4,0
2025-09-27,Avispa Fukuoka,Sanfrecce Hiroshima,1,2
2025-09-27,Gamba Osaka,Albirex Niigata,4,2
2025-09-27,Machida,Okayama,1,0
2025-09-27,Nagoya Grampus,Kashima Antlers,0,4
2025-09-27,Verdy,Urawa Reds,0,0
2025-09-27,Vissel Kobe,Shimizu S-Pulse,2,1
2025-09-28,Cerezo Osaka,Kyoto,1,2
2025-09-28,FC Tokyo,Yokohama F. Marinos,2,3
2025-09-28,Kawasaki Frontale,Kashiwa Reysol,4,4
2025-09-28,Yokohama FC,Shonan Bellmare,1,0
2025-10-03,Shonan Bellmare,Verdy,0,1
2025-10-04,Albirex Niigata,Okayama,1,1
2025-10-04,Avispa Fukuoka,Yokohama FC,1,0
2025-10-04,Kashiwa Reysol,Yokohama F. Marinos,1,0
2025-10-04,Kyoto,Kawasaki Frontale,1,1
2025-10-04,Nagoya Grampus,Cerezo Osaka,2,1
2025-10-04,Sanfrecce Hiroshima,Machida,2,1
2025-10-04,Shimizu S-Pulse,FC Tokyo,1,1
2025-10-04,Urawa Reds,Vissel Kobe,1,0
2025-10-05,Kashima Antlers,Gamba Osaka,0,0
2025-10-17,Sanfrecce Hiroshima,FC Tokyo,0,0
2025-10-17,Vissel Kobe,Kashima Antlers,0,0
2025-10-18,Gamba Osaka,Kashiwa Reysol,0,5
2025-10-18,Kawasaki Frontale,Shimizu S-Pulse,5,3
2025-10-18,Machida,Avispa Fukuoka,0,0
2025-10-18,Okayama,Cerezo Osaka,1,2
2025-10-18,Verdy,Albirex Niigata,1,0
2025-10-18,Yokohama F. Marinos,Urawa Reds,4,0
2025-10-18,Yokohama FC,Nagoya Grampus,2,2
2025-10-19,Shonan Bellmare,Kyoto,1,1
2025-10-25,Cerezo Osaka,Kawasaki Frontale,2,0
2025-10-25,FC Tokyo,Okayama,3,1
2025-10-25,Kashiwa Reysol,Yokohama FC,2,0
2025-10-25,Kyoto,Kashima Antlers,1,1
2025-10-25,Nagoya Grampus,Gamba Osaka,0,2
2025-10-25,Shimizu S-Pulse,Verdy,1,0
2025-10-25,Urawa Reds,Machida,0,0
2025-10-25,Yokohama F. Marinos,Sanfrecce Hiroshima,3,0
2025-10-26,Albirex Niigata,Vissel Kobe,2,2
2025-10-26,Avispa Fukuoka,Shonan Bellmare,1,0
2025-11-08,Kashima Antlers,Yokohama FC,2,1
2025-11-08,Kashiwa Reysol,Nagoya Grampus,1,0
2025-11-08,Kawasaki Frontale,Okayama,1,1
2025-11-08,Shonan Bellmare,Albirex Niigata,5,2
2025-11-08,Verdy,Avispa Fukuoka,0,0
2025-11-09,Gamba Osaka,Vissel Kobe,1,1
2025-11-09,Kyoto,Yokohama F. Marinos,0,3
2025-11-09,Machida,FC Tokyo,0,1
2025-11-09,Sanfrecce Hiroshima,Urawa Reds,3,0
2025-11-09,Shimizu S-Pulse,Cerezo Osaka,1,4
2025-11-30,Albirex Niigata,Kashiwa Reysol,1,3
2025-11-30,Avispa Fukuoka,Gamba Osaka,1,0
2025-11-30,Kawasaki Frontale,Sanfrecce Hiroshima,1,2
2025-11-30,Machida,Nagoya Grampus,3,1
2025-11-30,Okayama,Urawa Reds,0,1
2025-11-30,Shonan Bellmare,Shimizu S-Pulse,1,0
2025-11-30,Verdy,Kashima Antlers,0,1
2025-11-30,Vissel Kobe,FC Tokyo,0,0
2025-11-30,Yokohama F. Marinos,Cerezo Osaka,3,1
2025-11-30,Yokohama FC,Kyoto,0,1
2025-12-06,Cerezo Osaka,Yokohama FC,1,3
2025-12-06,FC Tokyo,Albirex Niigata,1,1
2025-12-06,Gamba Osaka,Verdy,4,1
2025-12-06,Kashima Antlers,Yokohama F. Marinos,2,1
2025-12-06,Kashiwa Reysol,Machida,1,0
2025-12-06,Kyoto,Vissel Kobe,2,0
2025-12-06,Nagoya Grampus,Avispa Fukuoka,1,0
2025-12-06,Sanfrecce Hiroshima,Shonan Bellmare,2,1
2025-12-06,Shimizu S-Pulse,Okayama,1,2
2025-12-06,Urawa Reds,Kawasaki Frontale,4,0
