14/08/2026,Wolves,Blackburn,2,2
15/08/2026,Bolton,Preston,2,1
15/08/2026,Norwich,West Brom,1,2
15/08/2026,Bristol City,Millwall,0,2
15/08/2026,Middlesbrough,Lincoln,2,1
15/08/2026,Stoke,Swansea,1,2
15/08/2026,Charlton,Derby,2,1
15/08/2026,Portsmouth,QPR,1,3
15/08/2026,Sheffield United,Birmingham,0,0
16/08/2026,Watford,Southampton,2,1
16/08/2026,Burnley,West Ham,2,2
17/08/2026,Cardiff,Wrexham,1,1
22/08/2026,Birmingham,Bristol City,2,2
22/08/2026,Lincoln,Portsmouth,1,3
22/08/2026,Millwall,Norwich,3,0
22/08/2026,Swansea,Sheffield United,0,0
22/08/2026,West Ham,Charlton,1,2
22/08/2026,Derby,Cardiff,2,2
22/08/2026,Preston,Wolves,1,3
22/08/2026,Wrexham,Watford,1,1
22/08/2026,Blackburn,Middlesbrough,2,1
22/08/2026,Southampton,Stoke,3,1
22/08/2026,QPR,Bolton,0,0
23/08/2026,West Brom,Burnley,3,1
28/08/2026,Wrexham,Birmingham,1,2
29/08/2026,Wolves,Stoke,4,1
29/08/2026,Derby,Swansea,0,3
29/08/2026,Middlesbrough,West Brom,3,1
29/08/2026,Norwich,Burnley,4,1
29/08/2026,Bolton,Lincoln,0,1
29/08/2026,Bristol City,Portsmouth,2,1
29/08/2026,Southampton,Millwall,5,1
29/08/2026,Charlton,Preston,1,0
29/08/2026,Blackburn,QPR,1,2
29/08/2026,Cardiff,Sheffield United,2,2
29/08/2026,Watford,West Ham,1,1
01/09/2026,Preston,Bristol City,1,3
01/09/2026,West Ham,Wolves,4,2
01/09/2026,Lincoln,Blackburn,0,0
01/09/2026,Sheffield United,Bolton,3,2
01/09/2026,Portsmouth,Derby,0,2
01/09/2026,Swansea,Watford,2,0
01/09/2026,Stoke,Norwich,1,0
01/09/2026,Birmingham,Southampton,1,1
02/09/2026,Millwall,Wrexham,0,3
02/09/2026,QPR,Cardiff,2,1
02/09/2026,West Brom,Charlton,1,1
02/09/2026,Burnley,Middlesbrough,1,1
05/09/2026,Preston,Blackburn,2,1
05/09/2026,Stoke,Charlton,4,0
05/09/2026,Lincoln,Southampton,1,1
05/09/2026,QPR,Middlesbrough,0,1
05/09/2026,Sheffield United,Norwich,1,3
05/09/2026,Portsmouth,Cardiff,2,0
05/09/2026,West Brom,Watford,1,0
05/09/2026,West Ham,Derby,3,0
05/09/2026,Burnley,Bristol City,1,2
05/09/2026,Millwall,Bolton,4,0
05/09/2026,Swansea,Wrexham,0,0
06/09/2026,Birmingham,Wolves,2,2
