22/08/2026,Inter,Monza,4,1
22/08/2026,Udinese,Como,1,1
22/08/2026,Genoa,Napoli,0,2
22/08/2026,Parma,Cagliari,0,1
23/08/2026,Frosinone,Juventus,0,1
23/08/2026,Venezia,Lecce,0,2
23/08/2026,Atalanta,Sassuolo,2,1
23/08/2026,Torino,Milan,1,2
24/08/2026,Bologna,Lazio,0,1
24/08/2026,Roma,Fiorentina,4,0
28/08/2026,Milan,Venezia,2,0
29/08/2026,Fiorentina,Frosinone,0,3
29/08/2026,Monza,Udinese,2,3
29/08/2026,Sassuolo,Torino,2,1
29/08/2026,Juventus,Parma,2,0
30/08/2026,Napoli,Como,1,2
30/08/2026,Cagliari,Inter,0,1
30/08/2026,Lazio,Genoa,1,0
31/08/2026,Lecce,Roma,0,4
31/08/2026,Atalanta,Bologna,1,0
04/09/2026,Genoa,Como,1,4
05/09/2026,Fiorentina,Torino,1,2
05/09/2026,Inter,Napoli,3,2
05/09/2026,Roma,Atalanta,2,1
06/09/2026,Frosinone,Venezia,3,2
06/09/2026,Parma,Monza,1,1
06/09/2026,Bologna,Sassuolo,2,2
06/09/2026,Juventus,Milan,1,1
07/09/2026,Cagliari,Lecce,1,0
07/09/2026,Udinese,Lazio,1,2
11/09/2026,Venezia,Fiorentina,2,4
12/09/2026,Genoa,Frosinone,1,1
12/09/2026,Lazio,Milan,2,2
12/09/2026,Atalanta,Cagliari,1,2
13/09/2026,Lecce,Monza,3,2
13/09/2026,Napoli,Bologna,1,0
13/09/2026,Sassuolo,Juventus,3,2
14/09/2026,Como,Parma,2,1
14/09/2026,Torino,Roma,0,2
14/09/2026,Inter,Udinese,5,3
18/09/2026,Monza,Sassuolo,2,1
19/09/2026,Bologna,Torino,1,1
19/09/2026,Udinese,Cagliari,0,1
19/09/2026,Roma,Inter,2,2
19/09/2026,Venezia,Lazio,0,2
20/09/2026,Fiorentina,Napoli,1,1
20/09/2026,Frosinone,Como,2,0
20/09/2026,Parma,Genoa,2,1
20/09/2026,Juventus,Atalanta,2,0
20/09/2026,Milan,Lecce,3,0
