07/08/2026,Club Brugge,Kortrijk,3,0
08/08/2026,Standard,Cercle Brugge,2,2
08/08/2026,St Truiden,Lommel SK,1,1
08/08/2026,Westerlo,St. Gilloise,1,5
09/08/2026,Gent,Mechelen,2,0
09/08/2026,Charleroi,Oud-Heverlee Leuven,3,1
09/08/2026,Waregem,Genk,2,1
09/08/2026,Anderlecht,RAAL La Louviere,2,1
09/08/2026,Antwerp,Beveren,2,1
14/08/2026,Cercle Brugge,St Truiden,3,3
15/08/2026,St. Gilloise,Waregem,0,0
15/08/2026,Kortrijk,Antwerp,0,3
15/08/2026,Genk,Westerlo,3,2
15/08/2026,Oud-Heverlee Leuven,Club Brugge,0,3
16/08/2026,Beveren,Anderlecht,1,0
16/08/2026,RAAL La Louviere,Gent,1,2
16/08/2026,Mechelen,Standard,3,3
16/08/2026,Lommel SK,Charleroi,0,1
21/08/2026,Standard,RAAL La Louviere,2,0
22/08/2026,Waregem,Beveren,4,0
22/08/2026,Charleroi,Mechelen,2,0
22/08/2026,Antwerp,Genk,4,4
23/08/2026,Lommel SK,Westerlo,4,0
23/08/2026,Club Brugge,Cercle Brugge,1,0
28/08/2026,Genk,Beveren,4,0
29/08/2026,RAAL La Louviere,Mechelen,2,2
29/08/2026,Kortrijk,Charleroi,1,3
29/08/2026,Cercle Brugge,Lommel SK,0,1
29/08/2026,Oud-Heverlee Leuven,Standard,1,2
30/08/2026,Gent,Club Brugge,2,1
30/08/2026,Antwerp,St Truiden,1,4
30/08/2026,St. Gilloise,Anderlecht,3,0
30/08/2026,Westerlo,Waregem,2,2
02/09/2026,St Truiden,St. Gilloise,0,3
03/09/2026,Anderlecht,Kortrijk,1,0
03/09/2026,Gent,Oud-Heverlee Leuven,1,0
04/09/2026,Lommel SK,Club Brugge,0,1
05/09/2026,Charleroi,St. Gilloise,2,3
05/09/2026,Mechelen,Westerlo,0,4
05/09/2026,St Truiden,RAAL La Louviere,4,0
05/09/2026,Standard,Antwerp,1,0
06/09/2026,Cercle Brugge,Gent,0,3
06/09/2026,Kortrijk,Waregem,0,2
06/09/2026,Anderlecht,Genk,0,0
06/09/2026,Beveren,Oud-Heverlee Leuven,3,0
11/09/2026,Mechelen,Anderlecht,0,1
12/09/2026,Beveren,St Truiden,2,0
12/09/2026,Westerlo,Standard,4,2
12/09/2026,Oud-Heverlee Leuven,Cercle Brugge,1,1
12/09/2026,St. Gilloise,Lommel SK,5,0
13/09/2026,Club Brugge,Antwerp,3,1
13/09/2026,Genk,Gent,1,1
13/09/2026,Waregem,Charleroi,0,1
13/09/2026,RAAL La Louviere,Kortrijk,3,0
18/09/2026,Gent,Standard,2,1
19/09/2026,Oud-Heverlee Leuven,RAAL La Louviere,2,0
19/09/2026,Charleroi,Cercle Brugge,3,2
19/09/2026,Anderlecht,Waregem,3,0
19/09/2026,Lommel SK,Mechelen,0,0
20/09/2026,Antwerp,St. Gilloise,0,2
20/09/2026,St Truiden,Westerlo,0,2
20/09/2026,Club Brugge,Genk,3,0
20/09/2026,Kortrijk,Beveren,1,0
