14/08/2026,Galatasaray,Corum,2,2
15/08/2026,Kasimpasa,Trabzonspor,1,1
15/08/2026,Konyaspor,Rizespor,0,1
15/08/2026,Gaziantep,Alanyaspor,1,1
15/08/2026,Genclerbirligi,Fenerbahce,2,1
16/08/2026,Buyuksehyr,Kocaelispor,2,0
16/08/2026,Amedspor,Erzurumspor,3,0
16/08/2026,Besiktas,Eyupspor,1,0
17/08/2026,Samsunspor,Goztep,3,3
21/08/2026,Erzurumspor,Galatasaray,0,4
22/08/2026,Corum,Kasimpasa,0,1
22/08/2026,Rizespor,Samsunspor,0,2
22/08/2026,Fenerbahce,Konyaspor,4,2
23/08/2026,Eyupspor,Gaziantep,0,1
23/08/2026,Trabzonspor,Buyuksehyr,2,1
23/08/2026,Alanyaspor,Besiktas,1,0
23/08/2026,Goztep,Genclerbirligi,0,1
24/08/2026,Kocaelispor,Amedspor,2,0
28/08/2026,Genclerbirligi,Erzurumspor,1,1
29/08/2026,Konyaspor,Kocaelispor,1,2
29/08/2026,Galatasaray,Goztep,3,2
29/08/2026,Gaziantep,Rizespor,1,2
30/08/2026,Eyupspor,Alanyaspor,2,1
30/08/2026,Buyuksehyr,Kasimpasa,1,1
30/08/2026,Samsunspor,Fenerbahce,0,2
31/08/2026,Amedspor,Trabzonspor,2,1
31/08/2026,Besiktas,Corum,6,2
04/09/2026,Buyuksehyr,Galatasaray,2,3
05/09/2026,Erzurumspor,Konyaspor,1,0
05/09/2026,Fenerbahce,Besiktas,1,2
06/09/2026,Corum,Eyupspor,3,0
06/09/2026,Kasimpasa,Amedspor,2,2
06/09/2026,Kocaelispor,Samsunspor,1,0
06/09/2026,Trabzonspor,Genclerbirligi,5,0
07/09/2026,Goztep,Gaziantep,2,4
07/09/2026,Rizespor,Alanyaspor,0,1
11/09/2026,Besiktas,Erzurumspor,3,0
12/09/2026,Eyupspor,Rizespor,0,2
12/09/2026,Samsunspor,Corum,1,5
12/09/2026,Alanyaspor,Goztep,2,2
12/09/2026,Konyaspor,Trabzonspor,1,0
13/09/2026,Genclerbirligi,Kasimpasa,1,2
13/09/2026,Amedspor,Buyuksehyr,5,0
13/09/2026,Galatasaray,Kocaelispor,1,0
14/09/2026,Gaziantep,Fenerbahce,0,0
18/09/2026,Kasimpasa,Konyaspor,0,0
19/09/2026,Corum,Alanyaspor,1,2
19/09/2026,Kocaelispor,Gaziantep,2,0
19/09/2026,Buyuksehyr,Genclerbirligi,4,0
19/09/2026,Trabzonspor,Galatasaray,4,0
20/09/2026,Erzurumspor,Samsunspor,1,0
20/09/2026,Fenerbahce,Eyupspor,8,0
20/09/2026,Amedspor,Besiktas,3,2
20/09/2026,Goztep,Rizespor,2,2
