21/08/2026,Marseille,Strasbourg,4,0
22/08/2026,Lens,Auxerre,5,2
22/08/2026,Le Mans,Brest,2,2
22/08/2026,Troyes,Paris FC,0,0
22/08/2026,Nice,Lorient,0,0
22/08/2026,Toulouse,Lyon,0,2
23/08/2026,Angers,Lille,0,2
23/08/2026,Le Havre,Monaco,0,1
23/08/2026,Rennes,Paris SG,2,2
28/08/2026,Lille,Paris SG,2,2
29/08/2026,Strasbourg,Lens,2,1
29/08/2026,Lorient,Troyes,1,2
29/08/2026,Lyon,Le Havre,1,1
29/08/2026,Auxerre,Angers,1,3
29/08/2026,Brest,Toulouse,2,2
30/08/2026,Paris FC,Nice,3,0
30/08/2026,Rennes,Le Mans,3,2
30/08/2026,Monaco,Marseille,2,0
