07/08/2026,Estoril,Famalicao,1,1
08/08/2026,Maritimo,Casa Pia,1,0
08/08/2026,Guimaraes,Arouca,0,1
08/08/2026,Estrela,Sp Lisbon,2,2
09/08/2026,Porto,Alverca,2,0
09/08/2026,Benfica,Academico Viseu,2,2
09/08/2026,Gil Vicente,Rio Ave,1,0
09/08/2026,Moreirense,Sp Braga,2,2
10/08/2026,Santa Clara,Nacional,2,2
14/08/2026,Sp Lisbon,Guimaraes,3,2
15/08/2026,Alverca,Estrela,2,2
15/08/2026,Academico Viseu,Santa Clara,0,1
15/08/2026,Rio Ave,Porto,0,2
16/08/2026,Nacional,Estoril,2,0
16/08/2026,Arouca,Moreirense,4,0
16/08/2026,Famalicao,Maritimo,1,2
17/08/2026,Casa Pia,Benfica,0,7
22/08/2026,Maritimo,Academico Viseu,2,2
22/08/2026,Estoril,Rio Ave,0,2
22/08/2026,Sp Lisbon,Alverca,3,1
23/08/2026,Guimaraes,Nacional,1,0
23/08/2026,Santa Clara,Famalicao,1,0
23/08/2026,Porto,Arouca,2,0
24/08/2026,Gil Vicente,Casa Pia,2,0
28/08/2026,Rio Ave,Sp Lisbon,0,4
29/08/2026,Alverca,Santa Clara,1,1
29/08/2026,Arouca,Maritimo,2,1
29/08/2026,Academico Viseu,Porto,0,3
30/08/2026,Nacional,Estrela,2,3
30/08/2026,Casa Pia,Moreirense,0,1
30/08/2026,Famalicao,Gil Vicente,0,0
31/08/2026,Benfica,Estoril,2,1
31/08/2026,Sp Braga,Guimaraes,1,0
04/09/2026,Porto,Moreirense,2,1
05/09/2026,Estrela,Famalicao,2,2
05/09/2026,Alverca,Sp Braga,1,2
05/09/2026,Maritimo,Benfica,0,3
05/09/2026,Sp Lisbon,Nacional,2,0
06/09/2026,Santa Clara,Rio Ave,4,0
06/09/2026,Guimaraes,Casa Pia,0,0
06/09/2026,Gil Vicente,Academico Viseu,0,1
07/09/2026,Estoril,Arouca,0,0
09/09/2026,Moreirense,Benfica,0,4
10/09/2026,Estrela,Sp Braga,2,1
12/09/2026,Nacional,Alverca,1,3
12/09/2026,Casa Pia,Porto,1,4
12/09/2026,Academico Viseu,Guimaraes,2,1
13/09/2026,Arouca,Santa Clara,1,2
13/09/2026,Benfica,Gil Vicente,3,1
13/09/2026,Famalicao,Sp Lisbon,1,1
14/09/2026,Rio Ave,Estrela,3,3
14/09/2026,Moreirense,Maritimo,3,1
14/09/2026,Sp Braga,Estoril,1,0
19/09/2026,Gil Vicente,Maritimo,1,1
19/09/2026,Nacional,Famalicao,0,4
19/09/2026,Alverca,Rio Ave,1,0
19/09/2026,Sp Lisbon,Arouca,2,2
20/09/2026,Estrela,Academico Viseu,0,2
20/09/2026,Guimaraes,Moreirense,1,1
20/09/2026,Estoril,Casa Pia,1,2
20/09/2026,Santa Clara,Sp Braga,0,0
20/09/2026,Porto,Benfica,3,1
