22/01/2026,Aldosivi,Defensa y Justicia,0,0
22/01/2026,Banfield,Huracan,1,1
22/01/2026,Union de Santa Fe,Platense,0,0
23/01/2026,Central Cordoba,Gimnasia Mendoza,0,1
23/01/2026,Instituto,Velez Sarsfield,0,1
23/01/2026,San Lorenzo,Lanus,2,3
23/01/2026,Independiente,Estudiantes L.P.,1,1
24/01/2026,Ind. Rivadavia,Atl. Tucuman,2,1
24/01/2026,Talleres Cordoba,Newells Old Boys,2,1
24/01/2026,Barracas Central,River Plate,0,1
24/01/2026,Gimnasia L.P.,Racing Club,2,1
25/01/2026,Rosario Central,Belgrano,1,2
25/01/2026,Boca Juniors,Dep. Riestra,1,0
26/01/2026,Argentinos Jrs,Sarmiento Junin,1,0
26/01/2026,Tigre,Estudiantes Rio Cuarto,2,0
26/01/2026,Platense,Instituto,2,1
27/01/2026,Velez Sarsfield,Talleres Cordoba,2,1
27/01/2026,Gimnasia Mendoza,San Lorenzo,0,1
27/01/2026,Huracan,Ind. Rivadavia,1,2
28/01/2026,Atl. Tucuman,Central Cordoba,0,0
28/01/2026,Newells Old Boys,Independiente,1,1
28/01/2026,Aldosivi,Barracas Central,0,0
28/01/2026,Racing Club,Rosario Central,1,2
28/01/2026,River Plate,Gimnasia L.P.,2,0
29/01/2026,Estudiantes L.P.,Boca Juniors,2,1
29/01/2026,Dep. Riestra,Defensa y Justicia,0,1
29/01/2026,Belgrano,Tigre,1,1
29/01/2026,Lanus,Union de Santa Fe,2,1
30/01/2026,Estudiantes Rio Cuarto,Argentinos Jrs,0,0
30/01/2026,Sarmiento Junin,Banfield,1,0
31/01/2026,San Lorenzo,Central Cordoba,1,0
31/01/2026,Independiente,Velez Sarsfield,1,1
01/02/2026,Atl. Tucuman,Huracan,1,1
01/02/2026,Talleres Cordoba,Platense,1,2
01/02/2026,Barracas Central,Dep. Riestra,1,1
01/02/2026,Boca Juniors,Newells Old Boys,2,0
02/02/2026,Rosario Central,River Plate,0,0
02/02/2026,Gimnasia L.P.,Aldosivi,3,1
02/02/2026,Defensa y Justicia,Estudiantes L.P.,0,0
02/02/2026,Tigre,Racing Club,3,1
03/02/2026,Argentinos Jrs,Belgrano,0,0
03/02/2026,Union de Santa Fe,Gimnasia Mendoza,4,0
03/02/2026,Banfield,Estudiantes Rio Cuarto,2,1
04/02/2026,Ind. Rivadavia,Sarmiento Junin,2,1
04/02/2026,Instituto,Lanus,2,2
07/02/2026,Central Cordoba,Union de Santa Fe,1,0
07/02/2026,Aldosivi,Rosario Central,1,1
07/02/2026,Racing Club,Argentinos Jrs,2,1
07/02/2026,River Plate,Tigre,1,4
08/02/2026,Belgrano,Banfield,1,0
08/02/2026,Newells Old Boys,Defensa y Justicia,2,3
08/02/2026,Platense,Independiente,0,1
08/02/2026,Sarmiento Junin,Atl. Tucuman,2,1
08/02/2026,Huracan,San Lorenzo,1,0
09/02/2026,Gimnasia Mendoza,Instituto,1,0
09/02/2026,Velez Sarsfield,Boca Juniors,2,1
09/02/2026,Barracas Central,Gimnasia L.P.,2,0
09/02/2026,Estudiantes L.P.,Dep. Riestra,1,0
09/02/2026,Lanus,Talleres Cordoba,1,1
10/02/2026,Estudiantes Rio Cuarto,Ind. Rivadavia,0,1
12/02/2026,Tigre,Aldosivi,1,0
13/02/2026,Argentinos Jrs,River Plate,1,0
13/02/2026,Independiente,Lanus,2,0
14/02/2026,Defensa y Justicia,Velez Sarsfield,1,1
14/02/2026,Union de Santa Fe,San Lorenzo,0,0
14/02/2026,Banfield,Racing Club,0,2
14/02/2026,Huracan,Sarmiento Junin,1,0
14/02/2026,Talleres Cordoba,Gimnasia Mendoza,2,1
15/02/2026,Atl. Tucuman,Estudiantes Rio Cuarto,4,0
15/02/2026,Ind. Rivadavia,Belgrano,0,1
15/02/2026,Gimnasia L.P.,Estudiantes L.P.,0,0
15/02/2026,Boca Juniors,Platense,0,0
16/02/2026,Instituto,Central Cordoba,2,0
16/02/2026,Rosario Central,Barracas Central,2,0
16/02/2026,Dep. Riestra,Newells Old Boys,1,1
20/02/2026,Defensa y Justicia,Belgrano,1,1
20/02/2026,Estudiantes L.P.,Sarmiento Junin,1,0
20/02/2026,Boca Juniors,Racing Club,0,0
20/02/2026,Instituto,Atl. Tucuman,2,1
21/02/2026,Gimnasia Mendoza,Gimnasia L.P.,0,1
21/02/2026,Rosario Central,Talleres Cordoba,0,1
21/02/2026,Ind. Rivadavia,Independiente,3,2
21/02/2026,Platense,Barracas Central,1,0
21/02/2026,Banfield,Newells Old Boys,3,0
21/02/2026,Dep. Riestra,Huracan,0,0
22/02/2026,Central Cordoba,Tigre,0,0
22/02/2026,San Lorenzo,Estudiantes Rio Cuarto,2,0
22/02/2026,Velez Sarsfield,River Plate,1,0
23/02/2026,Union de Santa Fe,Aldosivi,1,0
24/02/2026,Platense,Defensa y Justicia,0,0
24/02/2026,San Lorenzo,Instituto,1,1
24/02/2026,Central Cordoba,Talleres Cordoba,2,0
25/02/2026,Belgrano,Atl. Tucuman,3,1
25/02/2026,Gimnasia Mendoza,Independiente,1,1
25/02/2026,Barracas Central,Tigre,2,1
25/02/2026,Gimnasia L.P.,Rosario Central,1,2
25/02/2026,Newells Old Boys,Estudiantes L.P.,0,2
25/02/2026,Velez Sarsfield,Dep. Riestra,0,0
26/02/2026,Racing Club,Ind. Rivadavia,1,1
26/02/2026,Sarmiento Junin,Union de Santa Fe,1,3
26/02/2026,Estudiantes Rio Cuarto,Huracan,2,0
26/02/2026,River Plate,Banfield,3,1
28/02/2026,Boca Juniors,Gimnasia Mendoza,1,1
28/02/2026,Independiente,Central Cordoba,2,0
01/03/2026,Talleres Cordoba,San Lorenzo,0,0
01/03/2026,Newells Old Boys,Rosario Central,0,2
01/03/2026,Argentinos Jrs,Barracas Central,1,1
01/03/2026,Instituto,Union de Santa Fe,1,2
02/03/2026,Defensa y Justicia,Lanus,1,1
02/03/2026,Tigre,Gimnasia L.P.,2,2
02/03/2026,Dep. Riestra,Platense,0,0
02/03/2026,Estudiantes L.P.,Velez Sarsfield,0,1
03/03/2026,Banfield,Aldosivi,2,0
03/03/2026,Ind. Rivadavia,River Plate,1,1
03/03/2026,Sarmiento Junin,Estudiantes Rio Cuarto,1,0
03/03/2026,Huracan,Belgrano,3,1
04/03/2026,Atl. Tucuman,Racing Club,0,3
05/03/2026,Lanus,Boca Juniors,0,3
10/03/2026,Independiente,Union de Santa Fe,4,4
10/03/2026,Tigre,Velez Sarsfield,1,1
11/03/2026,Newells Old Boys,Platense,1,1
11/03/2026,Sarmiento Junin,Racing Club,0,0
11/03/2026,Argentinos Jrs,Rosario Central,0,0
11/03/2026,Banfield,Gimnasia L.P.,1,2
11/03/2026,Boca Juniors,San Lorenzo,1,1
12/03/2026,Atl. Tucuman,Aldosivi,1,1
12/03/2026,Ind. Rivadavia,Barracas Central,1,2
12/03/2026,Defensa y Justicia,Central Cordoba,1,1
12/03/2026,Dep. Riestra,Gimnasia Mendoza,0,0
12/03/2026,Estudiantes Rio Cuarto,Belgrano,0,1
12/03/2026,Talleres Cordoba,Instituto,2,0
13/03/2026,Huracan,River Plate,1,2
14/03/2026,Platense,Velez Sarsfield,0,2
15/03/2026,Rosario Central,Banfield,2,1
15/03/2026,Gimnasia L.P.,Ind. Rivadavia,2,3
15/03/2026,Belgrano,Talleres Cordoba,0,0
15/03/2026,River Plate,Sarmiento Junin,2,0
16/03/2026,Tigre,Argentinos Jrs,1,1
16/03/2026,Union de Santa Fe,Boca Juniors,1,1
16/03/2026,Aldosivi,Huracan,0,0
16/03/2026,Barracas Central,Atl. Tucuman,2,1
16/03/2026,San Lorenzo,Defensa y Justicia,2,5
16/03/2026,Racing Club,Estudiantes Rio Cuarto,2,0
17/03/2026,Instituto,Independiente,2,1
17/03/2026,Lanus,Newells Old Boys,5,0
18/03/2026,Central Cordoba,Dep. Riestra,1,0
18/03/2026,Gimnasia Mendoza,Estudiantes L.P.,1,2
21/03/2026,Atl. Tucuman,Gimnasia L.P.,1,0
21/03/2026,Banfield,Tigre,1,0
21/03/2026,Velez Sarsfield,Lanus,0,1
21/03/2026,Defensa y Justicia,Union de Santa Fe,2,0
21/03/2026,Newells Old Boys,Gimnasia Mendoza,1,0
21/03/2026,Independiente,Talleres Cordoba,1,2
22/03/2026,Belgrano,Racing Club,1,2
22/03/2026,Sarmiento Junin,Aldosivi,2,0
22/03/2026,Estudiantes Rio Cuarto,River Plate,0,2
22/03/2026,Boca Juniors,Instituto,2,0
23/03/2026,Argentinos Jrs,Platense,1,0
23/03/2026,Ind. Rivadavia,Rosario Central,2,0
23/03/2026,Estudiantes L.P.,Central Cordoba,5,0
24/03/2026,Huracan,Barracas Central,0,0
25/03/2026,Dep. Riestra,San Lorenzo,1,1
27/03/2026,Argentinos Jrs,Lanus,2,1
31/03/2026,Aldosivi,Argentinos Jrs,0,2
02/04/2026,Lanus,Platense,0,0
02/04/2026,Barracas Central,Sarmiento Junin,1,2
02/04/2026,Tigre,Ind. Rivadavia,0,2
03/04/2026,Talleres Cordoba,Boca Juniors,0,1
03/04/2026,Gimnasia Mendoza,Velez Sarsfield,3,2
03/04/2026,Union de Santa Fe,Dep. Riestra,2,0
03/04/2026,San Lorenzo,Estudiantes L.P.,1,0
04/04/2026,Aldosivi,Estudiantes Rio Cuarto,0,0
04/04/2026,Independiente,Racing Club,1,0
05/04/2026,Rosario Central,Atl. Tucuman,2,1
05/04/2026,Gimnasia L.P.,Huracan,0,3
05/04/2026,River Plate,Belgrano,3,0
06/04/2026,Central Cordoba,Newells Old Boys,1,3
06/04/2026,Argentinos Jrs,Banfield,3,2
07/04/2026,Instituto,Defensa y Justicia,2,0
11/04/2026,Belgrano,Aldosivi,1,0
11/04/2026,Dep. Riestra,Instituto,0,1
11/04/2026,Ind. Rivadavia,Argentinos Jrs,3,1
11/04/2026,Estudiantes L.P.,Union de Santa Fe,2,1
11/04/2026,Boca Juniors,Independiente,1,1
12/04/2026,Estudiantes Rio Cuarto,Barracas Central,1,2
12/04/2026,Newells Old Boys,San Lorenzo,0,0
12/04/2026,Platense,Gimnasia Mendoza,1,1
12/04/2026,Atl. Tucuman,Tigre,0,0
12/04/2026,Huracan,Rosario Central,3,1
13/04/2026,Racing Club,River Plate,0,2
13/04/2026,Defensa y Justicia,Talleres Cordoba,1,2
13/04/2026,Sarmiento Junin,Gimnasia L.P.,1,2
13/04/2026,Lanus,Banfield,1,0
14/04/2026,Velez Sarsfield,Central Cordoba,1,0
18/04/2026,Union de Santa Fe,Newells Old Boys,2,3
18/04/2026,Gimnasia L.P.,Estudiantes Rio Cuarto,1,0
18/04/2026,Instituto,Estudiantes L.P.,0,1
18/04/2026,Independiente,Defensa y Justicia,3,1
19/04/2026,Argentinos Jrs,Atl. Tucuman,1,0
19/04/2026,Aldosivi,Racing Club,1,1
19/04/2026,River Plate,Boca Juniors,0,1
20/04/2026,Rosario Central,Sarmiento Junin,2,1
20/04/2026,Talleres Cordoba,Dep. Riestra,2,0
20/04/2026,Barracas Central,Belgrano,0,0
20/04/2026,Banfield,Ind. Rivadavia,0,0
20/04/2026,Central Cordoba,Platense,4,3
20/04/2026,San Lorenzo,Velez Sarsfield,0,0
21/04/2026,Gimnasia Mendoza,Lanus,1,0
21/04/2026,Tigre,Huracan,1,1
24/04/2026,Defensa y Justicia,Boca Juniors,0,4
24/04/2026,Dep. Riestra,Independiente,2,0
24/04/2026,Estudiantes Rio Cuarto,Rosario Central,1,2
24/04/2026,Lanus,Central Cordoba,0,0
25/04/2026,Platense,San Lorenzo,0,1
25/04/2026,Racing Club,Barracas Central,1,1
25/04/2026,Estudiantes L.P.,Talleres Cordoba,0,0
25/04/2026,Sarmiento Junin,Tigre,1,0
26/04/2026,River Plate,Aldosivi,3,1
26/04/2026,Ind. Rivadavia,Gimnasia Mendoza,5,1
26/04/2026,Belgrano,Gimnasia L.P.,0,1
26/04/2026,Newells Old Boys,Instituto,1,1
27/04/2026,Atl. Tucuman,Banfield,1,1
27/04/2026,Velez Sarsfield,Union de Santa Fe,2,2
28/04/2026,Huracan,Argentinos Jrs,1,2
02/05/2026,Barracas Central,Banfield,1,2
02/05/2026,Lanus,Dep. Riestra,0,0
02/05/2026,Central Cordoba,Boca Juniors,1,2
02/05/2026,San Lorenzo,Independiente,1,2
02/05/2026,Union de Santa Fe,Talleres Cordoba,1,1
03/05/2026,Platense,Estudiantes L.P.,0,2
03/05/2026,Aldosivi,Ind. Rivadavia,1,1
03/05/2026,Belgrano,Sarmiento Junin,4,0
03/05/2026,Gimnasia L.P.,Argentinos Jrs,2,0
03/05/2026,Racing Club,Huracan,0,0
03/05/2026,Rosario Central,Tigre,1,1
03/05/2026,River Plate,Atl. Tucuman,0,1
04/05/2026,Gimnasia Mendoza,Defensa y Justicia,2,1
04/05/2026,Velez Sarsfield,Newells Old Boys,1,1
05/05/2026,Estudiantes Rio Cuarto,Instituto,0,2
09/05/2026,Talleres Cordoba,Belgrano,0,1
09/05/2026,Boca Juniors,Huracan,1,1
10/05/2026,Ind. Rivadavia,Union de Santa Fe,1,2
10/05/2026,Argentinos Jrs,Lanus,2,0
10/05/2026,Rosario Central,Independiente,3,1
10/05/2026,Estudiantes L.P.,Racing Club,0,1
10/05/2026,River Plate,San Lorenzo,1,1
11/05/2026,Velez Sarsfield,Gimnasia L.P.,0,1
12/05/2026,Belgrano,Union de Santa Fe,2,0
13/05/2026,Argentinos Jrs,Huracan,0,0
13/05/2026,Rosario Central,Racing Club,1,1
14/05/2026,River Plate,Gimnasia L.P.,2,0
16/05/2026,River Plate,Rosario Central,1,0
17/05/2026,Argentinos Jrs,Belgrano,1,1
24/05/2026,River Plate,Belgrano,2,3
23/07/2026,Belgrano,Rosario Central,2,1
23/07/2026,Sarmiento Junin,Argentinos Jrs,2,3
24/07/2026,Defensa y Justicia,Aldosivi,1,1
24/07/2026,Gimnasia Mendoza,Central Cordoba,1,0
24/07/2026,Racing Club,Gimnasia L.P.,2,1
24/07/2026,Velez Sarsfield,Instituto,1,0
25/07/2026,Huracan,Banfield,1,0
25/07/2026,Platense,Union de Santa Fe,2,2
25/07/2026,Estudiantes Rio Cuarto,Tigre,1,0
25/07/2026,Newells Old Boys,Talleres Cordoba,1,0
25/07/2026,River Plate,Barracas Central,0,1
26/07/2026,Lanus,San Lorenzo,1,0
26/07/2026,Atl. Tucuman,Ind. Rivadavia,0,0
26/07/2026,Estudiantes L.P.,Independiente,0,2
26/07/2026,Dep. Riestra,Boca Juniors,3,0
28/07/2026,Banfield,Sarmiento Junin,3,2
28/07/2026,San Lorenzo,Gimnasia Mendoza,1,0
29/07/2026,Argentinos Jrs,Estudiantes Rio Cuarto,3,0
29/07/2026,Rosario Central,Racing Club,0,0
29/07/2026,Barracas Central,Aldosivi,1,0
29/07/2026,Defensa y Justicia,Dep. Riestra,2,1
29/07/2026,Gimnasia L.P.,River Plate,1,0
30/07/2026,Instituto,Platense,2,1
30/07/2026,Ind. Rivadavia,Huracan,2,1
30/07/2026,Talleres Cordoba,Velez Sarsfield,1,3
31/07/2026,Central Cordoba,Atl. Tucuman,0,2
31/07/2026,Independiente,Newells Old Boys,1,0
01/08/2026,Estudiantes Rio Cuarto,Banfield,0,0
01/08/2026,Gimnasia Mendoza,Union de Santa Fe,2,0
01/08/2026,Belgrano,Argentinos Jrs,0,1
01/08/2026,Estudiantes L.P.,Defensa y Justicia,3,0
02/08/2026,Racing Club,Tigre,1,3
02/08/2026,Aldosivi,Gimnasia L.P.,1,2
02/08/2026,Dep. Riestra,Barracas Central,0,1
02/08/2026,Newells Old Boys,Boca Juniors,2,2
02/08/2026,River Plate,Rosario Central,0,1
03/08/2026,Lanus,Instituto,0,1
03/08/2026,Sarmiento Junin,Ind. Rivadavia,2,1
03/08/2026,Platense,Talleres Cordoba,0,4
03/08/2026,Velez Sarsfield,Independiente,1,0
04/08/2026,Central Cordoba,San Lorenzo,1,0
04/08/2026,Huracan,Atl. Tucuman,0,0
05/08/2026,Boca Juniors,Estudiantes L.P.,1,0
06/08/2026,Tigre,Belgrano,0,0
06/08/2026,Union de Santa Fe,Lanus,2,1
07/08/2026,Rosario Central,Aldosivi,2,1
08/08/2026,Ind. Rivadavia,Estudiantes Rio Cuarto,2,1
08/08/2026,Atl. Tucuman,Sarmiento Junin,1,2
08/08/2026,Dep. Riestra,Estudiantes L.P.,2,0
08/08/2026,Tigre,River Plate,1,0
08/08/2026,Boca Juniors,Velez Sarsfield,1,1
09/08/2026,Independiente,Platense,0,1
09/08/2026,Instituto,Gimnasia Mendoza,1,0
09/08/2026,San Lorenzo,Huracan,0,2
09/08/2026,Defensa y Justicia,Newells Old Boys,2,1
09/08/2026,Gimnasia L.P.,Barracas Central,2,0
10/08/2026,Argentinos Jrs,Racing Club,2,1
10/08/2026,Banfield,Belgrano,0,2
11/08/2026,Union de Santa Fe,Central Cordoba,1,2
12/08/2026,Talleres Cordoba,Lanus,0,3
15/08/2026,Racing Club,Banfield,0,1
15/08/2026,Aldosivi,Tigre,0,0
15/08/2026,San Lorenzo,Union de Santa Fe,1,0
15/08/2026,Estudiantes L.P.,Gimnasia L.P.,4,0
15/08/2026,Belgrano,Ind. Rivadavia,2,0
15/08/2026,Newells Old Boys,Dep. Riestra,2,0
16/08/2026,Platense,Boca Juniors,1,1
16/08/2026,Sarmiento Junin,Huracan,2,0
16/08/2026,River Plate,Argentinos Jrs,2,0
17/08/2026,Barracas Central,Rosario Central,0,1
17/08/2026,Central Cordoba,Instituto,0,1
17/08/2026,Estudiantes Rio Cuarto,Atl. Tucuman,0,1
17/08/2026,Lanus,Independiente,1,3
17/08/2026,Velez Sarsfield,Defensa y Justicia,1,1
18/08/2026,Gimnasia Mendoza,Talleres Cordoba,3,1
21/08/2026,Aldosivi,Union de Santa Fe,1,3
22/08/2026,Estudiantes Rio Cuarto,San Lorenzo,0,0
22/08/2026,Atl. Tucuman,Instituto,0,0
22/08/2026,Gimnasia L.P.,Gimnasia Mendoza,2,3
22/08/2026,Independiente,Ind. Rivadavia,0,0
23/08/2026,Huracan,Dep. Riestra,0,0
23/08/2026,Newells Old Boys,Banfield,2,1
23/08/2026,Barracas Central,Platense,1,2
23/08/2026,Sarmiento Junin,Estudiantes L.P.,2,0
23/08/2026,Belgrano,Defensa y Justicia,1,2
23/08/2026,River Plate,Velez Sarsfield,2,2
24/08/2026,Racing Club,Boca Juniors,1,1
24/08/2026,Tigre,Central Cordoba,2,1
25/08/2026,Lanus,Argentinos Jrs,1,1
25/08/2026,Talleres Cordoba,Rosario Central,2,2
28/08/2026,Union de Santa Fe,Sarmiento Junin,4,1
29/08/2026,Boca Juniors,Lanus,1,0
29/08/2026,Dep. Riestra,Velez Sarsfield,1,1
29/08/2026,Rosario Central,Gimnasia L.P.,1,2
29/08/2026,Huracan,Estudiantes Rio Cuarto,1,1
30/08/2026,Atl. Tucuman,Belgrano,0,0
30/08/2026,Talleres Cordoba,Central Cordoba,0,0
30/08/2026,Banfield,River Plate,2,3
30/08/2026,Argentinos Jrs,Aldosivi,2,1
30/08/2026,Independiente,Gimnasia Mendoza,0,3
31/08/2026,Ind. Rivadavia,Racing Club,3,1
31/08/2026,Defensa y Justicia,Platense,1,0
31/08/2026,Estudiantes L.P.,Newells Old Boys,0,0
01/09/2026,Instituto,San Lorenzo,1,0
01/09/2026,Tigre,Barracas Central,0,0
04/09/2026,Estudiantes Rio Cuarto,Sarmiento Junin,0,2
04/09/2026,Belgrano,Huracan,1,1
04/09/2026,Platense,Dep. Riestra,1,1
05/09/2026,Aldosivi,Banfield,3,1
05/09/2026,Gimnasia L.P.,Tigre,2,1
05/09/2026,Gimnasia Mendoza,Boca Juniors,2,2
05/09/2026,San Lorenzo,Talleres Cordoba,1,0
06/09/2026,Velez Sarsfield,Estudiantes L.P.,1,0
06/09/2026,Rosario Central,Newells Old Boys,1,1
06/09/2026,Central Cordoba,Independiente,0,1
06/09/2026,Lanus,Defensa y Justicia,1,0
06/09/2026,River Plate,Ind. Rivadavia,3,1
07/09/2026,Racing Club,Atl. Tucuman,1,2
07/09/2026,Barracas Central,Argentinos Jrs,0,0
08/09/2026,Union de Santa Fe,Instituto,3,2
