15/08/2026,Alaves,Getafe,3,0
15/08/2026,Sevilla,Vallecano,2,1
16/08/2026,Santander,Villarreal,2,2
16/08/2026,Espanol,Levante,3,0
17/08/2026,La Coruna,Elche,1,1
19/08/2026,Ath Madrid,Malaga,2,0
20/08/2026,Vallecano,Alaves,1,1
21/08/2026,Betis,Sociedad,1,0
22/08/2026,Ath Bilbao,Sevilla,1,3
22/08/2026,Valencia,Celta,0,0
22/08/2026,Espanol,Real Madrid,1,2
23/08/2026,Ath Madrid,Villarreal,2,2
23/08/2026,Getafe,Santander,1,0
23/08/2026,Elche,Barcelona,0,5
24/08/2026,Osasuna,Levante,0,0
24/08/2026,Malaga,La Coruna,1,1
25/08/2026,Valencia,Betis,0,1
26/08/2026,Real Madrid,Sociedad,4,1
27/08/2026,Celta,Osasuna,1,2
27/08/2026,Barcelona,Ath Bilbao,2,0
