28/01/2026,Atletico-MG,Palmeiras,2,2
28/01/2026,Coritiba,Bragantino,0,1
28/01/2026,Internacional,Athletico-PR,0,1
28/01/2026,Vitoria,Remo,2,0
28/01/2026,Fluminense,Gremio,2,1
28/01/2026,Chapecoense-SC,Santos,4,2
28/01/2026,Corinthians,Bahia,1,2
29/01/2026,Sao Paulo,Flamengo RJ,2,1
29/01/2026,Mirassol,Vasco,2,1
30/01/2026,Botafogo RJ,Cruzeiro,4,0
04/02/2026,Bragantino,Atletico-MG,1,0
04/02/2026,Flamengo RJ,Internacional,1,1
04/02/2026,Remo,Mirassol,2,2
04/02/2026,Santos,Sao Paulo,1,1
05/02/2026,Gremio,Botafogo RJ,5,3
05/02/2026,Palmeiras,Vitoria,5,1
05/02/2026,Bahia,Fluminense,1,1
05/02/2026,Vasco,Chapecoense-SC,1,1
06/02/2026,Cruzeiro,Coritiba,1,2
11/02/2026,Vitoria,Flamengo RJ,1,2
11/02/2026,Chapecoense-SC,Coritiba,3,3
11/02/2026,Mirassol,Cruzeiro,2,2
11/02/2026,Atletico-MG,Remo,3,3
12/02/2026,Sao Paulo,Gremio,2,0
12/02/2026,Vasco,Bahia,0,1
12/02/2026,Athletico-PR,Santos,2,1
12/02/2026,Fluminense,Botafogo RJ,1,0
12/02/2026,Corinthians,Bragantino,2,0
13/02/2026,Internacional,Palmeiras,1,3
19/02/2026,Athletico-PR,Corinthians,0,1
25/02/2026,Bragantino,Athletico-PR,1,1
25/02/2026,Remo,Internacional,1,1
25/02/2026,Coritiba,Sao Paulo,0,1
25/02/2026,Cruzeiro,Corinthians,1,1
26/02/2026,Gremio,Atletico-MG,2,1
26/02/2026,Palmeiras,Fluminense,2,1
26/02/2026,Santos,Vasco,2,1
11/03/2026,Mirassol,Santos,2,2
11/03/2026,Atletico-MG,Internacional,1,0
11/03/2026,Bahia,Vitoria,1,1
12/03/2026,Corinthians,Coritiba,0,2
12/03/2026,Flamengo RJ,Cruzeiro,2,0
12/03/2026,Remo,Fluminense,0,2
12/03/2026,Vasco,Palmeiras,2,1
12/03/2026,Sao Paulo,Chapecoense-SC,2,0
13/03/2026,Gremio,Bragantino,1,1
14/03/2026,Vitoria,Atletico-MG,2,0
14/03/2026,Botafogo RJ,Flamengo RJ,0,3
15/03/2026,Fluminense,Athletico-PR,3,2
15/03/2026,Internacional,Bahia,0,1
15/03/2026,Santos,Corinthians,1,1
15/03/2026,Coritiba,Remo,1,0
15/03/2026,Palmeiras,Mirassol,1,0
15/03/2026,Bragantino,Sao Paulo,1,2
15/03/2026,Cruzeiro,Vasco,3,3
16/03/2026,Chapecoense-SC,Gremio,1,1
18/03/2026,Bahia,Bragantino,2,0
18/03/2026,Palmeiras,Botafogo RJ,2,1
18/03/2026,Athletico-PR,Cruzeiro,2,1
18/03/2026,Atletico-MG,Sao Paulo,1,0
18/03/2026,Mirassol,Coritiba,0,1
19/03/2026,Santos,Internacional,1,2
19/03/2026,Vasco,Fluminense,3,2
19/03/2026,Gremio,Vitoria,2,0
19/03/2026,Flamengo RJ,Remo,3,0
20/03/2026,Chapecoense-SC,Corinthians,0,0
21/03/2026,Bragantino,Botafogo RJ,1,2
21/03/2026,Fluminense,Atletico-MG,1,0
22/03/2026,Sao Paulo,Palmeiras,0,1
22/03/2026,Athletico-PR,Coritiba,2,0
22/03/2026,Cruzeiro,Santos,0,0
22/03/2026,Remo,Bahia,4,1
22/03/2026,Vasco,Gremio,2,1
22/03/2026,Internacional,Chapecoense-SC,2,0
22/03/2026,Vitoria,Mirassol,1,0
22/03/2026,Corinthians,Flamengo RJ,1,1
29/03/2026,Athletico-PR,Botafogo RJ,4,1
01/04/2026,Botafogo RJ,Mirassol,3,2
01/04/2026,Internacional,Sao Paulo,1,1
02/04/2026,Bahia,Athletico-PR,3,0
02/04/2026,Cruzeiro,Vitoria,3,0
02/04/2026,Coritiba,Vasco,1,1
02/04/2026,Fluminense,Corinthians,3,1
02/04/2026,Chapecoense-SC,Atletico-MG,0,4
02/04/2026,Santos,Remo,2,0
03/04/2026,Bragantino,Flamengo RJ,3,0
03/04/2026,Palmeiras,Gremio,2,1
04/04/2026,Sao Paulo,Cruzeiro,4,1
05/04/2026,Coritiba,Fluminense,1,1
05/04/2026,Vasco,Botafogo RJ,1,2
05/04/2026,Chapecoense-SC,Vitoria,1,1
05/04/2026,Atletico-MG,Athletico-PR,2,1
05/04/2026,Flamengo RJ,Santos,3,1
05/04/2026,Bahia,Palmeiras,1,2
05/04/2026,Corinthians,Internacional,0,1
06/04/2026,Mirassol,Bragantino,0,1
06/04/2026,Gremio,Remo,0,0
11/04/2026,Remo,Vasco,1,1
11/04/2026,Vitoria,Sao Paulo,2,0
11/04/2026,Mirassol,Bahia,1,2
12/04/2026,Santos,Atletico-MG,1,0
12/04/2026,Internacional,Gremio,0,0
12/04/2026,Athletico-PR,Chapecoense-SC,2,0
12/04/2026,Botafogo RJ,Coritiba,2,2
12/04/2026,Fluminense,Flamengo RJ,1,2
12/04/2026,Corinthians,Palmeiras,0,0
12/04/2026,Cruzeiro,Bragantino,2,1
18/04/2026,Chapecoense-SC,Botafogo RJ,1,4
18/04/2026,Vasco,Sao Paulo,2,1
19/04/2026,Vitoria,Corinthians,0,0
19/04/2026,Cruzeiro,Gremio,2,0
19/04/2026,Internacional,Mirassol,1,2
19/04/2026,Coritiba,Atletico-MG,2,0
19/04/2026,Santos,Fluminense,2,3
19/04/2026,Bragantino,Remo,4,2
19/04/2026,Palmeiras,Athletico-PR,1,0
19/04/2026,Flamengo RJ,Bahia,2,0
25/04/2026,Bahia,Santos,2,2
25/04/2026,Botafogo RJ,Internacional,2,2
25/04/2026,Remo,Cruzeiro,0,1
26/04/2026,Sao Paulo,Mirassol,1,0
26/04/2026,Corinthians,Vasco,1,0
26/04/2026,Gremio,Coritiba,1,0
26/04/2026,Athletico-PR,Vitoria,3,1
26/04/2026,Bragantino,Palmeiras,0,1
27/04/2026,Atletico-MG,Flamengo RJ,0,4
27/04/2026,Fluminense,Chapecoense-SC,2,1
02/05/2026,Botafogo RJ,Remo,1,2
02/05/2026,Palmeiras,Santos,1,1
02/05/2026,Vitoria,Coritiba,4,1
03/05/2026,Athletico-PR,Gremio,0,0
03/05/2026,Cruzeiro,Atletico-MG,1,3
03/05/2026,Flamengo RJ,Vasco,2,2
03/05/2026,Sao Paulo,Bahia,2,2
03/05/2026,Chapecoense-SC,Bragantino,1,2
03/05/2026,Internacional,Fluminense,2,0
04/05/2026,Mirassol,Corinthians,2,1
09/05/2026,Coritiba,Internacional,2,2
09/05/2026,Fluminense,Vitoria,2,2
10/05/2026,Bahia,Cruzeiro,1,2
10/05/2026,Atletico-MG,Botafogo RJ,1,1
10/05/2026,Remo,Palmeiras,1,1
10/05/2026,Corinthians,Sao Paulo,3,2
10/05/2026,Mirassol,Chapecoense-SC,1,1
10/05/2026,Santos,Bragantino,2,0
10/05/2026,Gremio,Flamengo RJ,0,1
11/05/2026,Vasco,Athletico-PR,1,0
16/05/2026,Atletico-MG,Mirassol,3,1
16/05/2026,Internacional,Vasco,4,1
16/05/2026,Fluminense,Sao Paulo,2,1
17/05/2026,Palmeiras,Cruzeiro,1,1
17/05/2026,Santos,Coritiba,0,3
17/05/2026,Bahia,Gremio,1,1
17/05/2026,Botafogo RJ,Corinthians,3,1
17/05/2026,Bragantino,Vitoria,2,0
17/05/2026,Chapecoense-SC,Remo,2,3
17/05/2026,Athletico-PR,Flamengo RJ,1,1
23/05/2026,Sao Paulo,Botafogo RJ,1,1
23/05/2026,Vitoria,Internacional,2,0
23/05/2026,Gremio,Santos,3,2
23/05/2026,Mirassol,Fluminense,1,0
24/05/2026,Flamengo RJ,Palmeiras,0,3
24/05/2026,Cruzeiro,Chapecoense-SC,2,1
24/05/2026,Remo,Athletico-PR,1,2
24/05/2026,Corinthians,Atletico-MG,1,0
25/05/2026,Vasco,Bragantino,0,3
26/05/2026,Coritiba,Bahia,3,2
30/05/2026,Athletico-PR,Mirassol,1,0
30/05/2026,Flamengo RJ,Coritiba,3,0
30/05/2026,Bahia,Botafogo RJ,2,1
30/05/2026,Gremio,Corinthians,1,3
31/05/2026,Santos,Vitoria,3,1
31/05/2026,Bragantino,Internacional,3,1
31/05/2026,Palmeiras,Chapecoense-SC,1,0
31/05/2026,Vasco,Atletico-MG,0,1
01/06/2026,Cruzeiro,Fluminense,1,1
01/06/2026,Remo,Sao Paulo,1,0
16/07/2026,Botafogo RJ,Santos,2,1
16/07/2026,Vitoria,Vasco,1,0
17/07/2026,Bahia,Chapecoense-SC,2,0
18/07/2026,Fluminense,Bragantino,1,1
18/07/2026,Mirassol,Gremio,2,1
21/07/2026,Atletico-MG,Bahia,1,1
22/07/2026,Coritiba,Palmeiras,1,3
23/07/2026,Chapecoense-SC,Flamengo RJ,0,4
23/07/2026,Internacional,Cruzeiro,1,2
23/07/2026,Sao Paulo,Athletico-PR,1,2
23/07/2026,Botafogo RJ,Vitoria,0,0
23/07/2026,Corinthians,Remo,3,0
25/07/2026,Athletico-PR,Internacional,2,0
25/07/2026,Santos,Chapecoense-SC,2,2
26/07/2026,Vasco,Mirassol,1,1
26/07/2026,Bahia,Corinthians,1,1
26/07/2026,Cruzeiro,Botafogo RJ,0,1
26/07/2026,Bragantino,Coritiba,0,0
26/07/2026,Flamengo RJ,Sao Paulo,1,1
26/07/2026,Gremio,Fluminense,1,1
26/07/2026,Palmeiras,Atletico-MG,1,2
26/07/2026,Remo,Vitoria,2,0
29/07/2026,Internacional,Flamengo RJ,1,1
29/07/2026,Mirassol,Remo,2,1
30/07/2026,Fluminense,Bahia,0,0
30/07/2026,Vitoria,Palmeiras,0,4
30/07/2026,Corinthians,Athletico-PR,0,0
31/07/2026,Coritiba,Cruzeiro,0,1
08/08/2026,Gremio,Sao Paulo,2,1
08/08/2026,Remo,Atletico-MG,2,2
09/08/2026,Coritiba,Chapecoense-SC,2,1
09/08/2026,Botafogo RJ,Fluminense,1,1
09/08/2026,Cruzeiro,Mirassol,3,1
09/08/2026,Bahia,Vasco,0,0
09/08/2026,Palmeiras,Internacional,0,0
09/08/2026,Bragantino,Corinthians,0,2
09/08/2026,Santos,Athletico-PR,0,2
09/08/2026,Flamengo RJ,Vitoria,2,0
15/08/2026,Fluminense,Palmeiras,3,2
15/08/2026,Athletico-PR,Bragantino,1,1
16/08/2026,Sao Paulo,Coritiba,1,1
16/08/2026,Chapecoense-SC,Bahia,3,3
16/08/2026,Atletico-MG,Gremio,3,0
16/08/2026,Vasco,Santos,0,3
16/08/2026,Mirassol,Flamengo RJ,1,5
16/08/2026,Vitoria,Botafogo RJ,1,0
16/08/2026,Corinthians,Cruzeiro,1,2
18/08/2026,Internacional,Remo,1,1
22/08/2026,Fluminense,Remo,2,1
22/08/2026,Internacional,Atletico-MG,0,0
23/08/2026,Cruzeiro,Flamengo RJ,2,1
23/08/2026,Bragantino,Gremio,1,0
23/08/2026,Palmeiras,Vasco,4,1
23/08/2026,Vitoria,Bahia,0,2
23/08/2026,Chapecoense-SC,Sao Paulo,1,0
23/08/2026,Santos,Mirassol,1,1
23/08/2026,Coritiba,Corinthians,2,1
25/08/2026,Botafogo RJ,Athletico-PR,2,3
29/08/2026,Atletico-MG,Vitoria,2,1
30/08/2026,Sao Paulo,Bragantino,2,1
30/08/2026,Vasco,Cruzeiro,3,1
30/08/2026,Athletico-PR,Fluminense,3,3
30/08/2026,Corinthians,Santos,0,1
30/08/2026,Flamengo RJ,Botafogo RJ,3,0
30/08/2026,Gremio,Chapecoense-SC,3,1
30/08/2026,Mirassol,Palmeiras,1,1
30/08/2026,Bahia,Internacional,3,2
01/09/2026,Remo,Coritiba,2,3
02/09/2026,Flamengo RJ,Mirassol,2,0
05/09/2026,Bragantino,Bahia,2,3
05/09/2026,Sao Paulo,Atletico-MG,2,0
06/09/2026,Fluminense,Vasco,1,0
06/09/2026,Coritiba,Mirassol,1,2
06/09/2026,Cruzeiro,Athletico-PR,3,1
06/09/2026,Internacional,Santos,2,3
06/09/2026,Remo,Flamengo RJ,0,1
06/09/2026,Botafogo RJ,Palmeiras,0,0
06/09/2026,Corinthians,Chapecoense-SC,1,2
08/09/2026,Vitoria,Gremio,1,0
