17/07/2026,Necaxa,Atlante,2,1
17/07/2026,Club Tijuana,Tigres UANL,3,1
18/07/2026,Atl. San Luis,Cruz Azul,2,3
18/07/2026,Club Leon,Atlas,2,3
18/07/2026,Juarez,Puebla,0,1
19/07/2026,UNAM Pumas,Pachuca,0,3
19/07/2026,Monterrey,Santos Laguna,3,2
19/07/2026,Guadalajara Chivas,Toluca,0,2
19/07/2026,Queretaro,Club America,0,1
22/07/2026,Cruz Azul,Puebla,2,1
22/07/2026,Toluca,UNAM Pumas,1,2
25/07/2026,Atlante,Club America,1,1
25/07/2026,Club Tijuana,Club Leon,1,0
26/07/2026,Guadalajara Chivas,Juarez,1,0
26/07/2026,Santos Laguna,Atlas,0,1
26/07/2026,Tigres UANL,Atl. San Luis,2,2
27/07/2026,Necaxa,Monterrey,2,1
27/07/2026,Pachuca,Queretaro,1,2
01/08/2026,Puebla,Guadalajara Chivas,1,1
01/08/2026,Atl. San Luis,Club Tijuana,0,0
01/08/2026,Juarez,UNAM Pumas,1,5
02/08/2026,Queretaro,Tigres UANL,3,2
02/08/2026,Club Leon,Pachuca,1,0
02/08/2026,Atlas,Monterrey,0,2
02/08/2026,Cruz Azul,Atlante,2,3
03/08/2026,Club America,Santos Laguna,3,0
03/08/2026,Toluca,Necaxa,3,1
16/08/2026,Atlante,Toluca,0,0
16/08/2026,Monterrey,Juarez,6,1
16/08/2026,Atlas,Tigres UANL,2,1
16/08/2026,UNAM Pumas,Queretaro,0,0
17/08/2026,Club America,Atl. San Luis,3,0
17/08/2026,Santos Laguna,Guadalajara Chivas,0,1
17/08/2026,Club Tijuana,Cruz Azul,2,1
18/08/2026,Necaxa,Club Leon,1,2
18/08/2026,Pachuca,Puebla,2,3
22/08/2026,Club Leon,Monterrey,2,0
22/08/2026,Tigres UANL,Atlante,2,0
22/08/2026,Juarez,Club America,1,2
22/08/2026,Queretaro,Toluca,1,2
23/08/2026,Guadalajara Chivas,Club Tijuana,5,2
23/08/2026,Puebla,Santos Laguna,3,2
23/08/2026,Cruz Azul,Atlas,0,2
24/08/2026,Atl. San Luis,Pachuca,1,1
24/08/2026,UNAM Pumas,Necaxa,1,1
