07/08/2026,Cambuur,Excelsior,0,4
08/08/2026,Nijmegen,Telstar,1,2
08/08/2026,Go Ahead Eagles,Willem II,4,1
08/08/2026,PSV Eindhoven,For Sittard,2,2
08/08/2026,AZ Alkmaar,Den Haag,2,0
09/08/2026,Sparta Rotterdam,Feyenoord,0,1
09/08/2026,Groningen,Utrecht,2,1
09/08/2026,Zwolle,Ajax,0,2
09/08/2026,Heerenveen,Twente,1,0
14/08/2026,Telstar,Sparta Rotterdam,1,3
15/08/2026,Willem II,Nijmegen,1,4
15/08/2026,Utrecht,AZ Alkmaar,1,4
15/08/2026,Excelsior,PSV Eindhoven,1,2
15/08/2026,For Sittard,Cambuur,3,1
16/08/2026,Den Haag,Groningen,1,4
16/08/2026,Feyenoord,Go Ahead Eagles,2,2
16/08/2026,Twente,Zwolle,3,1
16/08/2026,Ajax,Heerenveen,2,2
22/08/2026,For Sittard,AZ Alkmaar,0,2
22/08/2026,Sparta Rotterdam,Utrecht,3,3
22/08/2026,Heerenveen,Zwolle,0,2
23/08/2026,Go Ahead Eagles,Den Haag,3,1
23/08/2026,PSV Eindhoven,Groningen,5,1
23/08/2026,Cambuur,Feyenoord,2,5
