07/08/2026,Yokohama F. Marinos,Kashima Antlers,3,4
07/08/2026,Gamba Osaka,Urawa Reds,4,3
08/08/2026,Avispa Fukuoka,Vissel Kobe,0,1
08/08/2026,Cerezo Osaka,Okayama,2,1
08/08/2026,FC Tokyo,Machida,1,5
08/08/2026,Kashiwa Reysol,Mito,2,1
08/08/2026,Nagoya Grampus,Shimizu S-Pulse,0,1
08/08/2026,Sanfrecce Hiroshima,Chiba,3,0
09/08/2026,Verdy,Kawasaki Frontale,1,1
09/08/2026,V-Varen Nagasaki,Kyoto,2,1
14/08/2026,Verdy,Kashiwa Reysol,1,3
15/08/2026,Kashima Antlers,Nagoya Grampus,2,1
15/08/2026,Mito,Gamba Osaka,1,1
15/08/2026,Shimizu S-Pulse,Yokohama F. Marinos,0,1
15/08/2026,Okayama,V-Varen Nagasaki,1,0
15/08/2026,Avispa Fukuoka,Cerezo Osaka,3,0
15/08/2026,Chiba,Machida,0,4
15/08/2026,Kawasaki Frontale,Kyoto,2,2
15/08/2026,Urawa Reds,Sanfrecce Hiroshima,1,4
15/08/2026,Vissel Kobe,FC Tokyo,2,2
21/08/2026,Kashiwa Reysol,V-Varen Nagasaki,4,2
21/08/2026,FC Tokyo,Chiba,2,0
22/08/2026,Kashima Antlers,Avispa Fukuoka,3,2
22/08/2026,Okayama,Verdy,0,0
22/08/2026,Cerezo Osaka,Shimizu S-Pulse,1,0
22/08/2026,Kyoto,Mito,1,3
22/08/2026,Nagoya Grampus,Gamba Osaka,3,1
22/08/2026,Sanfrecce Hiroshima,Kawasaki Frontale,1,1
22/08/2026,Yokohama F. Marinos,Vissel Kobe,1,0
23/08/2026,Machida,Urawa Reds,3,1
29/08/2026,Gamba Osaka,Sanfrecce Hiroshima,0,0
29/08/2026,Mito,Machida,1,1
29/08/2026,Shimizu S-Pulse,Kashiwa Reysol,0,1
29/08/2026,V-Varen Nagasaki,FC Tokyo,0,3
29/08/2026,Kawasaki Frontale,Chiba,4,2
29/08/2026,Kyoto,Avispa Fukuoka,2,1
29/08/2026,Nagoya Grampus,Okayama,2,1
29/08/2026,Urawa Reds,Yokohama F. Marinos,3,2
29/08/2026,Verdy,Kashima Antlers,0,2
29/08/2026,Vissel Kobe,Cerezo Osaka,1,0
