31/07/2026,Dundee United,Rangers,1,1
01/08/2026,Falkirk,St Mirren,0,2
01/08/2026,Aberdeen,Hearts,2,1
02/08/2026,St Johnstone,Kilmarnock,4,3
02/08/2026,Hibernian,Motherwell,1,2
03/08/2026,Celtic,Dundee,1,0
08/08/2026,Dundee,Aberdeen,2,0
08/08/2026,St Mirren,St Johnstone,1,0
09/08/2026,Kilmarnock,Celtic,1,5
09/08/2026,Hearts,Dundee United,4,0
09/08/2026,Motherwell,Falkirk,0,0
09/08/2026,Rangers,Hibernian,1,2
22/08/2026,Dundee United,Dundee,0,2
29/08/2026,Celtic,Falkirk,2,1
29/08/2026,Hearts,St Johnstone,2,1
29/08/2026,Kilmarnock,Dundee United,0,4
30/08/2026,Aberdeen,Rangers,0,1
30/08/2026,Dundee,Hibernian,1,2
30/08/2026,St Mirren,Motherwell,3,3
02/09/2026,Celtic,Aberdeen,3,0
02/09/2026,Dundee,St Johnstone,1,1
02/09/2026,Kilmarnock,St Mirren,0,1
02/09/2026,Motherwell,Dundee United,3,0
02/09/2026,Falkirk,Rangers,1,2
03/09/2026,Hibernian,Hearts,1,3
05/09/2026,Aberdeen,Kilmarnock,0,0
05/09/2026,Dundee United,Falkirk,1,1
05/09/2026,Rangers,Motherwell,1,0
05/09/2026,St Mirren,Celtic,1,2
06/09/2026,Hearts,Dundee,2,1
06/09/2026,St Johnstone,Hibernian,2,1
09/09/2026,Rangers,St Mirren,1,0
09/09/2026,St Johnstone,Celtic,0,1
15/09/2026,Falkirk,Hearts,2,1
15/09/2026,Hibernian,Kilmarnock,0,1
15/09/2026,Motherwell,Aberdeen,0,4
19/09/2026,Dundee,Motherwell,2,1
19/09/2026,Hibernian,Aberdeen,1,1
19/09/2026,St Johnstone,Falkirk,1,1
19/09/2026,St Mirren,Dundee United,0,3
19/09/2026,Kilmarnock,Hearts,1,1
20/09/2026,Celtic,Rangers,0,1
