21/02/2026,St. Louis City,Charlotte,1,1
21/02/2026,FC Cincinnati,Atlanta Utd,2,0
22/02/2026,DC United,Philadelphia Union,1,0
22/02/2026,Orlando City,New York Red Bulls,1,2
22/02/2026,Vancouver Whitecaps,Real Salt Lake,1,0
22/02/2026,Austin FC,Minnesota United,2,2
22/02/2026,FC Dallas,Toronto FC,3,2
22/02/2026,Houston Dynamo,Chicago Fire,2,1
22/02/2026,Nashville SC,New England Revolution,4,1
22/02/2026,Los Angeles FC,Inter Miami,3,0
22/02/2026,Portland Timbers,Columbus Crew,3,2
22/02/2026,San Diego FC,CF Montreal,5,0
22/02/2026,San Jose Earthquakes,Sporting Kansas City,3,0
23/02/2026,Los Angeles Galaxy,New York City,1,1
23/02/2026,Seattle Sounders,Colorado Rapids,2,0
28/02/2026,Chicago Fire,CF Montreal,3,0
28/02/2026,New York Red Bulls,New England Revolution,1,0
28/02/2026,Colorado Rapids,Portland Timbers,2,0
28/02/2026,Minnesota United,FC Cincinnati,1,0
01/03/2026,Real Salt Lake,Seattle Sounders,2,1
01/03/2026,San Jose Earthquakes,Atlanta Utd,2,0
01/03/2026,FC Dallas,Nashville SC,0,0
01/03/2026,Houston Dynamo,Los Angeles FC,0,2
01/03/2026,Sporting Kansas City,Columbus Crew,2,2
01/03/2026,Vancouver Whitecaps,Toronto FC,3,0
01/03/2026,Los Angeles Galaxy,Charlotte,3,0
01/03/2026,Austin FC,DC United,1,0
01/03/2026,Philadelphia Union,New York City,1,2
02/03/2026,Orlando City,Inter Miami,2,4
02/03/2026,San Diego FC,St. Louis City,2,0
07/03/2026,New York City,Orlando City,5,0
07/03/2026,DC United,Inter Miami,1,2
08/03/2026,Atlanta Utd,Real Salt Lake,2,3
08/03/2026,Charlotte,Austin FC,3,1
08/03/2026,Columbus Crew,Chicago Fire,0,0
08/03/2026,Philadelphia Union,San Jose Earthquakes,0,1
08/03/2026,Nashville SC,Minnesota United,3,1
08/03/2026,Sporting Kansas City,San Diego FC,0,1
08/03/2026,St. Louis City,Seattle Sounders,0,1
08/03/2026,Colorado Rapids,Los Angeles Galaxy,4,1
08/03/2026,Los Angeles FC,FC Dallas,1,0
08/03/2026,Portland Timbers,Vancouver Whitecaps,1,4
08/03/2026,New York Red Bulls,CF Montreal,0,3
08/03/2026,FC Cincinnati,Toronto FC,0,1
14/03/2026,Toronto FC,New York Red Bulls,1,1
14/03/2026,Atlanta Utd,Philadelphia Union,3,1
14/03/2026,Columbus Crew,Nashville SC,0,1
14/03/2026,Charlotte,Inter Miami,0,0
14/03/2026,New York City,Colorado Rapids,3,1
14/03/2026,Orlando City,CF Montreal,2,1
15/03/2026,Chicago Fire,DC United,1,2
15/03/2026,FC Dallas,San Diego FC,3,3
15/03/2026,Houston Dynamo,Portland Timbers,3,2
15/03/2026,Los Angeles Galaxy,Sporting Kansas City,1,2
15/03/2026,Real Salt Lake,Austin FC,2,1
15/03/2026,Los Angeles FC,St. Louis City,2,0
15/03/2026,New England Revolution,FC Cincinnati,6,1
15/03/2026,Vancouver Whitecaps,Minnesota United,6,0
15/03/2026,San Jose Earthquakes,Seattle Sounders,0,1
21/03/2026,Toronto FC,Columbus Crew,2,1
21/03/2026,Philadelphia Union,Chicago Fire,1,2
21/03/2026,Nashville SC,Orlando City,5,0
21/03/2026,Atlanta Utd,DC United,0,0
21/03/2026,Charlotte,New York Red Bulls,6,1
22/03/2026,FC Dallas,Houston Dynamo,4,3
22/03/2026,Sporting Kansas City,Colorado Rapids,1,4
22/03/2026,St. Louis City,New England Revolution,3,1
22/03/2026,Austin FC,Los Angeles FC,0,0
22/03/2026,Vancouver Whitecaps,San Jose Earthquakes,0,1
22/03/2026,FC Cincinnati,CF Montreal,4,3
22/03/2026,New York City,Inter Miami,2,3
22/03/2026,Minnesota United,Seattle Sounders,0,0
22/03/2026,Portland Timbers,Los Angeles Galaxy,1,1
22/03/2026,San Diego FC,Real Salt Lake,2,2
04/04/2026,Toronto FC,Colorado Rapids,3,2
04/04/2026,New England Revolution,CF Montreal,3,0
04/04/2026,Real Salt Lake,Sporting Kansas City,3,1
05/04/2026,Atlanta Utd,Columbus Crew,1,3
05/04/2026,Charlotte,Philadelphia Union,2,1
05/04/2026,DC United,FC Dallas,0,4
05/04/2026,Inter Miami,Austin FC,2,2
05/04/2026,New York City,St. Louis City,1,1
05/04/2026,New York Red Bulls,FC Cincinnati,4,2
05/04/2026,Chicago Fire,Nashville SC,1,0
05/04/2026,Houston Dynamo,Seattle Sounders,0,1
05/04/2026,Los Angeles FC,Orlando City,6,0
05/04/2026,Los Angeles Galaxy,Minnesota United,1,2
05/04/2026,San Jose Earthquakes,San Diego FC,3,0
05/04/2026,Vancouver Whitecaps,Portland Timbers,3,2
11/04/2026,Toronto FC,FC Cincinnati,1,1
11/04/2026,Austin FC,Los Angeles Galaxy,1,2
11/04/2026,CF Montreal,Philadelphia Union,1,2
11/04/2026,Portland Timbers,Los Angeles FC,2,1
12/04/2026,Charlotte,Nashville SC,1,2
12/04/2026,Inter Miami,New York Red Bulls,2,2
12/04/2026,New England Revolution,DC United,1,0
12/04/2026,Vancouver Whitecaps,New York City,2,0
12/04/2026,Chicago Fire,Atlanta Utd,1,0
12/04/2026,FC Dallas,St. Louis City,1,1
12/04/2026,Sporting Kansas City,San Jose Earthquakes,1,3
12/04/2026,Colorado Rapids,Houston Dynamo,6,2
12/04/2026,San Diego FC,Minnesota United,1,2
13/04/2026,Columbus Crew,Orlando City,1,1
18/04/2026,Vancouver Whitecaps,Sporting Kansas City,3,0
18/04/2026,Toronto FC,Austin FC,3,3
18/04/2026,CF Montreal,New York Red Bulls,4,1
18/04/2026,Colorado Rapids,Inter Miami,2,3
19/04/2026,Atlanta Utd,Nashville SC,0,2
19/04/2026,FC Cincinnati,Chicago Fire,3,3
19/04/2026,New England Revolution,Columbus Crew,2,1
19/04/2026,New York City,Charlotte,1,2
19/04/2026,Orlando City,Houston Dynamo,0,1
19/04/2026,Philadelphia Union,DC United,0,0
19/04/2026,FC Dallas,Los Angeles Galaxy,2,2
19/04/2026,Minnesota United,Portland Timbers,2,0
19/04/2026,Real Salt Lake,San Diego FC,4,2
19/04/2026,Seattle Sounders,St. Louis City,4,1
20/04/2026,Los Angeles FC,San Jose Earthquakes,1,4
23/04/2026,Columbus Crew,Los Angeles Galaxy,2,1
23/04/2026,New York City,FC Cincinnati,4,4
23/04/2026,New York Red Bulls,DC United,4,4
23/04/2026,Orlando City,Charlotte,4,1
23/04/2026,Toronto FC,Philadelphia Union,3,3
23/04/2026,Atlanta Utd,New England Revolution,1,2
23/04/2026,FC Dallas,Minnesota United,0,1
23/04/2026,Houston Dynamo,San Diego FC,1,0
23/04/2026,Real Salt Lake,Inter Miami,0,2
23/04/2026,Los Angeles FC,Colorado Rapids,0,0
23/04/2026,San Jose Earthquakes,Austin FC,5,1
25/04/2026,Toronto FC,Atlanta Utd,1,2
25/04/2026,CF Montreal,New York City,1,0
25/04/2026,Minnesota United,Los Angeles FC,0,1
26/04/2026,Columbus Crew,Philadelphia Union,2,0
26/04/2026,DC United,Orlando City,3,2
26/04/2026,FC Cincinnati,New York Red Bulls,2,0
26/04/2026,Inter Miami,New England Revolution,1,1
26/04/2026,Austin FC,Houston Dynamo,2,0
26/04/2026,Chicago Fire,Sporting Kansas City,5,0
26/04/2026,Nashville SC,Charlotte,4,2
26/04/2026,St. Louis City,San Jose Earthquakes,2,3
26/04/2026,San Diego FC,Portland Timbers,1,2
26/04/2026,Seattle Sounders,FC Dallas,2,1
26/04/2026,Vancouver Whitecaps,Colorado Rapids,3,1
27/04/2026,Los Angeles Galaxy,Real Salt Lake,2,1
02/05/2026,Toronto FC,San Jose Earthquakes,1,1
02/05/2026,Sporting Kansas City,Seattle Sounders,1,1
02/05/2026,Real Salt Lake,Portland Timbers,2,0
03/05/2026,Inter Miami,Orlando City,3,4
03/05/2026,Atlanta Utd,CF Montreal,3,1
03/05/2026,Columbus Crew,Minnesota United,2,3
03/05/2026,New England Revolution,Charlotte,1,0
03/05/2026,New York Red Bulls,FC Dallas,0,2
03/05/2026,Philadelphia Union,Nashville SC,0,0
03/05/2026,Chicago Fire,FC Cincinnati,2,3
03/05/2026,Houston Dynamo,Colorado Rapids,1,0
03/05/2026,San Diego FC,Los Angeles FC,2,2
03/05/2026,Los Angeles Galaxy,Vancouver Whitecaps,1,1
03/05/2026,New York City,DC United,0,2
03/05/2026,Austin FC,St. Louis City,2,0
09/05/2026,Toronto FC,Inter Miami,2,4
09/05/2026,Chicago Fire,New York Red Bulls,1,3
09/05/2026,CF Montreal,Orlando City,2,0
10/05/2026,Atlanta Utd,Los Angeles Galaxy,1,2
10/05/2026,Charlotte,FC Cincinnati,2,2
10/05/2026,New England Revolution,Philadelphia Union,2,1
10/05/2026,FC Dallas,Real Salt Lake,3,1
10/05/2026,Nashville SC,DC United,2,2
10/05/2026,Colorado Rapids,St. Louis City,0,1
10/05/2026,Portland Timbers,Sporting Kansas City,6,0
10/05/2026,San Jose Earthquakes,Vancouver Whitecaps,1,1
10/05/2026,Seattle Sounders,San Diego FC,1,1
10/05/2026,New York City,Columbus Crew,3,0
11/05/2026,Minnesota United,Austin FC,2,2
11/05/2026,Los Angeles FC,Houston Dynamo,1,4
14/05/2026,Charlotte,New York City,0,1
14/05/2026,CF Montreal,Portland Timbers,2,2
14/05/2026,DC United,Chicago Fire,1,3
14/05/2026,FC Cincinnati,Inter Miami,3,5
14/05/2026,New England Revolution,Nashville SC,0,3
14/05/2026,New York Red Bulls,Columbus Crew,3,2
14/05/2026,Orlando City,Philadelphia Union,4,3
14/05/2026,FC Dallas,Vancouver Whitecaps,2,3
14/05/2026,Minnesota United,Colorado Rapids,0,1
14/05/2026,Sporting Kansas City,Los Angeles Galaxy,3,1
14/05/2026,St. Louis City,Los Angeles FC,2,1
14/05/2026,Real Salt Lake,Houston Dynamo,3,0
14/05/2026,San Diego FC,Austin FC,5,0
14/05/2026,Seattle Sounders,San Jose Earthquakes,3,2
16/05/2026,CF Montreal,Chicago Fire,0,2
17/05/2026,Charlotte,Toronto FC,3,1
17/05/2026,DC United,St. Louis City,1,1
17/05/2026,New England Revolution,Minnesota United,2,1
17/05/2026,New York Red Bulls,New York City,1,1
17/05/2026,Orlando City,Atlanta Utd,1,1
17/05/2026,Philadelphia Union,Columbus Crew,1,1
17/05/2026,Austin FC,Sporting Kansas City,1,2
17/05/2026,Houston Dynamo,Vancouver Whitecaps,1,0
17/05/2026,Seattle Sounders,Los Angeles Galaxy,0,2
17/05/2026,Real Salt Lake,Colorado Rapids,2,1
17/05/2026,San Diego FC,FC Cincinnati,3,3
17/05/2026,San Jose Earthquakes,FC Dallas,2,3
17/05/2026,Inter Miami,Portland Timbers,2,0
18/05/2026,Nashville SC,Los Angeles FC,3,2
23/05/2026,St. Louis City,Austin FC,3,0
23/05/2026,Minnesota United,Real Salt Lake,1,1
24/05/2026,Charlotte,New England Revolution,1,0
24/05/2026,DC United,CF Montreal,4,4
24/05/2026,FC Cincinnati,Orlando City,6,2
24/05/2026,Chicago Fire,Toronto FC,2,1
24/05/2026,Nashville SC,New York City,2,1
24/05/2026,Sporting Kansas City,New York Red Bulls,1,2
24/05/2026,Colorado Rapids,FC Dallas,1,2
24/05/2026,Portland Timbers,San Jose Earthquakes,1,3
24/05/2026,San Diego FC,Vancouver Whitecaps,2,4
24/05/2026,Los Angeles Galaxy,Houston Dynamo,1,1
24/05/2026,Columbus Crew,Atlanta Utd,2,0
25/05/2026,Inter Miami,Philadelphia Union,6,4
25/05/2026,Los Angeles FC,Seattle Sounders,1,0
17/07/2026,CF Montreal,Toronto FC,0,0
17/07/2026,St. Louis City,Sporting Kansas City,3,2
17/07/2026,Seattle Sounders,Portland Timbers,1,5
18/07/2026,Nashville SC,Atlanta Utd,1,0
18/07/2026,Los Angeles Galaxy,Los Angeles FC,0,3
23/07/2026,Columbus Crew,New York City,1,2
23/07/2026,FC Cincinnati,Vancouver Whitecaps,4,3
23/07/2026,Inter Miami,Chicago Fire,3,2
23/07/2026,New England Revolution,Toronto FC,0,0
23/07/2026,Philadelphia Union,New York Red Bulls,3,1
23/07/2026,Charlotte,Atlanta Utd,2,2
23/07/2026,Houston Dynamo,DC United,1,1
23/07/2026,Nashville SC,CF Montreal,1,0
23/07/2026,Sporting Kansas City,Minnesota United,2,1
23/07/2026,Austin FC,Seattle Sounders,3,1
23/07/2026,Colorado Rapids,San Diego FC,1,0
23/07/2026,Los Angeles FC,Real Salt Lake,3,1
23/07/2026,Los Angeles Galaxy,St. Louis City,1,3
23/07/2026,Portland Timbers,FC Dallas,2,2
23/07/2026,San Jose Earthquakes,Orlando City,0,4
25/07/2026,New York Red Bulls,Charlotte,0,2
26/07/2026,Columbus Crew,FC Cincinnati,2,1
26/07/2026,CF Montreal,Inter Miami,0,1
26/07/2026,DC United,Toronto FC,2,1
26/07/2026,New England Revolution,Atlanta Utd,4,1
26/07/2026,New York City,Chicago Fire,3,1
26/07/2026,Orlando City,Nashville SC,1,0
26/07/2026,Philadelphia Union,Seattle Sounders,1,0
26/07/2026,Houston Dynamo,Austin FC,3,0
26/07/2026,Minnesota United,Vancouver Whitecaps,0,0
26/07/2026,St. Louis City,Colorado Rapids,1,0
26/07/2026,San Diego FC,FC Dallas,1,0
26/07/2026,Los Angeles FC,Sporting Kansas City,4,0
26/07/2026,Portland Timbers,Real Salt Lake,2,1
26/07/2026,San Jose Earthquakes,Los Angeles Galaxy,1,1
01/08/2026,New York City,Toronto FC,1,1
02/08/2026,CF Montreal,New England Revolution,2,2
02/08/2026,DC United,Nashville SC,2,2
02/08/2026,FC Cincinnati,San Jose Earthquakes,4,2
02/08/2026,Inter Miami,Columbus Crew,2,2
02/08/2026,New York Red Bulls,Orlando City,3,2
02/08/2026,Philadelphia Union,Atlanta Utd,3,2
02/08/2026,Vancouver Whitecaps,Los Angeles FC,1,1
02/08/2026,Chicago Fire,Charlotte,2,1
02/08/2026,Minnesota United,San Diego FC,1,1
02/08/2026,Sporting Kansas City,Houston Dynamo,0,2
02/08/2026,St. Louis City,Real Salt Lake,1,1
02/08/2026,Colorado Rapids,Austin FC,1,0
02/08/2026,Los Angeles Galaxy,FC Dallas,0,0
02/08/2026,Portland Timbers,Seattle Sounders,2,1
08/08/2026,New England Revolution,Houston Dynamo,0,2
16/08/2026,Atlanta Utd,New York Red Bulls,2,1
16/08/2026,CF Montreal,DC United,1,1
16/08/2026,Charlotte,Columbus Crew,3,1
16/08/2026,Orlando City,FC Cincinnati,1,1
16/08/2026,Toronto FC,New England Revolution,2,1
16/08/2026,Houston Dynamo,Los Angeles Galaxy,1,0
16/08/2026,Nashville SC,Inter Miami,4,1
16/08/2026,Colorado Rapids,Sporting Kansas City,2,0
16/08/2026,Real Salt Lake,Minnesota United,1,1
16/08/2026,Los Angeles FC,San Diego FC,0,1
16/08/2026,San Jose Earthquakes,St. Louis City,1,3
16/08/2026,Chicago Fire,Portland Timbers,2,1
16/08/2026,New York City,Philadelphia Union,2,3
17/08/2026,Austin FC,FC Dallas,1,2
17/08/2026,Seattle Sounders,Vancouver Whitecaps,0,2
20/08/2026,Columbus Crew,CF Montreal,1,2
20/08/2026,DC United,New England Revolution,0,3
20/08/2026,FC Cincinnati,New York City,2,1
20/08/2026,New York Red Bulls,Nashville SC,0,1
20/08/2026,Orlando City,Chicago Fire,1,2
20/08/2026,Philadelphia Union,Inter Miami,2,2
20/08/2026,Toronto FC,Charlotte,3,3
20/08/2026,Sporting Kansas City,St. Louis City,1,1
20/08/2026,Minnesota United,Atlanta Utd,1,2
20/08/2026,Colorado Rapids,Los Angeles FC,1,0
20/08/2026,Real Salt Lake,FC Dallas,3,4
20/08/2026,Seattle Sounders,Austin FC,1,2
20/08/2026,Los Angeles Galaxy,San Jose Earthquakes,1,0
20/08/2026,Portland Timbers,San Diego FC,3,1
20/08/2026,Vancouver Whitecaps,Houston Dynamo,0,1
23/08/2026,CF Montreal,Los Angeles Galaxy,2,2
23/08/2026,Charlotte,DC United,3,1
23/08/2026,FC Cincinnati,Seattle Sounders,1,1
23/08/2026,Inter Miami,Toronto FC,1,2
23/08/2026,New York Red Bulls,Chicago Fire,1,1
23/08/2026,Orlando City,Real Salt Lake,2,1
23/08/2026,Nashville SC,Columbus Crew,3,2
23/08/2026,St. Louis City,Houston Dynamo,2,1
23/08/2026,Austin FC,Philadelphia Union,1,1
23/08/2026,Vancouver Whitecaps,FC Dallas,5,0
23/08/2026,Los Angeles FC,Portland Timbers,1,1
23/08/2026,San Diego FC,Colorado Rapids,3,0
23/08/2026,San Jose Earthquakes,Minnesota United,1,5
23/08/2026,New England Revolution,New York City,1,1
24/08/2026,Atlanta Utd,Sporting Kansas City,2,1
29/08/2026,Seattle Sounders,Chicago Fire,2,2
30/08/2026,Atlanta Utd,Charlotte,0,2
30/08/2026,DC United,Los Angeles FC,0,0
30/08/2026,Inter Miami,CF Montreal,7,1
30/08/2026,New York Red Bulls,Philadelphia Union,1,3
30/08/2026,Toronto FC,New York City,1,1
30/08/2026,Houston Dynamo,San Jose Earthquakes,0,0
30/08/2026,Minnesota United,Orlando City,3,3
30/08/2026,Nashville SC,FC Cincinnati,4,0
30/08/2026,Sporting Kansas City,Vancouver Whitecaps,0,3
30/08/2026,Colorado Rapids,Real Salt Lake,1,0
30/08/2026,Portland Timbers,Austin FC,1,2
30/08/2026,San Diego FC,Los Angeles Galaxy,3,1
30/08/2026,Columbus Crew,New England Revolution,1,3
31/08/2026,St. Louis City,FC Dallas,3,3
05/09/2026,New York City,Nashville SC,0,0
06/09/2026,Charlotte,Houston Dynamo,0,0
06/09/2026,Columbus Crew,Colorado Rapids,3,0
06/09/2026,Inter Miami,Atlanta Utd,2,2
06/09/2026,Orlando City,San Diego FC,1,0
06/09/2026,Philadelphia Union,CF Montreal,2,0
06/09/2026,Toronto FC,Chicago Fire,4,4
06/09/2026,Austin FC,San Jose Earthquakes,1,1
06/09/2026,FC Dallas,Sporting Kansas City,4,3
06/09/2026,Seattle Sounders,New York Red Bulls,0,0
06/09/2026,Los Angeles Galaxy,New England Revolution,2,1
06/09/2026,Real Salt Lake,Los Angeles FC,2,2
06/09/2026,Portland Timbers,Minnesota United,5,4
06/09/2026,Vancouver Whitecaps,St. Louis City,1,3
