Div,Date,Time,HomeTeam,AwayTeam,AvgH,AvgD,AvgA,AvgO25,AvgU25
E1,01/09/2026,19:45,Lincoln,Blackburn,2.25,3.39,3.09,1.87,1.87
E1,01/09/2026,19:45,Portsmouth,Derby,1.96,3.48,3.79,1.96,1.78
E1,01/09/2026,19:45,Preston,Bristol City,2.78,3.4,2.46,1.87,1.87
E1,01/09/2026,19:45,Sheffield United,Bolton,1.63,3.98,5.1,1.73,2.03
E1,01/09/2026,19:45,Swansea,Watford,1.83,3.65,4.08,1.84,1.9
E1,01/09/2026,19:45,West Ham,Wolves,2.04,3.65,3.33,1.65,2.17
E1,01/09/2026,20:00,Birmingham,Southampton,2.5,3.44,2.69,1.75,2
E1,01/09/2026,20:00,Stoke,Norwich,3.31,3.53,2.1,1.77,1.97
E1,02/09/2026,19:45,Millwall,Wrexham,2.24,3.35,3.15,1.9,1.83
E1,02/09/2026,19:45,QPR,Cardiff,1.92,3.77,3.6,1.68,2.11
E1,02/09/2026,19:45,West Brom,Charlton,1.76,3.6,4.58,2.03,1.73
E1,02/09/2026,20:00,Burnley,Middlesbrough,2.75,3.5,2.4,1.74,2.02
F1,03/09/2026,19:45,Toulouse,Lille,3.36,3.3,2.12,2.01,1.74
SP1,03/09/2026,20:00,Sociedad,Celta,1.95,3.48,3.69,1.86,1.86
